date,pcp,evap,debit
2000-01-01,0.0,5.24,17.361
2000-01-02,0.0,4.87,16.493
2000-01-03,0.0,5.44,15.668
2000-01-04,0.0,5.54,14.885
2000-01-05,0.0,4.7,14.141
2000-01-06,0.0,4.93,13.434
2000-01-07,0.0,5.4,12.762
2000-01-08,0.0,5.3,12.124
2000-01-09,0.0,5.42,11.518
2000-01-10,0.0,5.21,10.942
2000-01-11,0.0,5.76,10.395
2000-01-12,0.0,5.76,9.875
2000-01-13,0.0,5.58,9.381
2000-01-14,0.0,5.93,8.912
2000-01-15,0.0,5.77,8.467
2000-01-16,0.0,5.4,8.043
2000-01-17,0.0,5.8,7.641
2000-01-18,0.0,5.44,7.259
2000-01-19,0.0,6.02,6.896
2000-01-20,0.0,5.77,6.551
2000-01-21,0.0,5.76,6.224
2000-01-22,0.0,5.64,5.913
2000-01-23,0.0,6.24,5.617
2000-01-24,0.0,5.86,5.336
2000-01-25,0.0,5.81,5.069
2000-01-26,0.0,5.86,4.816
2000-01-27,0.0,6.15,4.575
2000-01-28,0.0,6.13,4.346
2000-01-29,0.0,6.17,4.129
2000-01-30,0.0,6.2,3.922
2000-01-31,0.0,6.74,3.726
2000-02-01,0.0,6.0,3.54
2000-02-02,0.0,6.0,3.363
2000-02-03,0.0,5.93,3.195
2000-02-04,0.0,6.38,3.035
2000-02-05,0.0,6.56,2.883
2000-02-06,0.0,6.21,2.739
2000-02-07,0.0,6.02,2.602
2000-02-08,0.0,6.04,2.472
2000-02-09,0.0,6.51,2.349
2000-02-10,0.0,6.56,2.231
2000-02-11,0.0,6.52,2.12
2000-02-12,0.0,6.18,2.014
2000-02-13,0.0,6.46,1.913
2000-02-14,0.0,6.45,1.817
2000-02-15,0.0,6.5,1.726
2000-02-16,0.0,6.71,1.64
2000-02-17,0.0,6.53,1.558
2000-02-18,0.0,6.69,1.48
2000-02-19,0.0,6.52,1.406
2000-02-20,0.0,6.6,1.336
2000-02-21,0.0,6.72,1.269
2000-02-22,1.6,6.11,1.206
2000-02-23,0.0,6.46,1.145
2000-02-24,0.0,6.43,1.088
2000-02-25,0.0,6.39,1.034
2000-02-26,0.0,6.51,0.982
2000-02-27,0.0,7.06,0.933
2000-02-28,0.0,6.36,0.886
2000-02-29,0.0,6.92,0.842
2000-03-01,1.9,6.13,0.8
2000-03-02,0.0,6.54,0.76
2000-03-03,0.0,6.7,0.722
2000-03-04,0.0,6.84,0.686
2000-03-05,0.4,6.88,0.651
2000-03-06,0.0,6.91,0.619
2000-03-07,0.0,6.57,0.588
2000-03-08,0.0,6.55,0.559
2000-03-09,0.0,6.95,0.531
2000-03-10,0.0,6.63,0.504
2000-03-11,0.0,6.31,0.479
2000-03-12,0.0,6.36,0.455
2000-03-13,0.0,6.42,0.432
2000-03-14,0.0,6.85,0.411
2000-03-15,0.0,6.74,0.39
2000-03-16,0.0,6.91,0.371
2000-03-17,0.0,6.57,0.352
2000-03-18,0.0,6.74,0.334
2000-03-19,0.0,6.88,0.318
2000-03-20,0.0,6.6,0.302
2000-03-21,0.0,6.83,0.287
2000-03-22,0.0,6.49,0.272
2000-03-23,0.0,6.57,0.259
2000-03-24,4.1,6.56,0.246
2000-03-25,0.0,6.31,0.234
2000-03-26,0.0,6.81,0.222
2000-03-27,0.0,6.51,0.211
2000-03-28,0.0,6.65,0.2
2000-03-29,0.0,6.78,0.19
2000-03-30,0.0,6.76,0.181
2000-03-31,0.0,6.82,0.172
2000-04-01,0.0,6.58,0.163
2000-04-02,0.0,6.47,0.155
2000-04-03,0.0,6.56,0.147
2000-04-04,0.0,6.06,0.14
2000-04-05,0.0,6.12,0.133
2000-04-06,0.0,6.15,0.126
2000-04-07,2.2,6.23,0.12
2000-04-08,0.0,6.64,0.114
2000-04-09,0.0,6.23,0.108
2000-04-10,0.0,6.37,0.103
2000-04-11,0.0,6.86,0.098
2000-04-12,0.0,6.34,0.093
2000-04-13,0.0,6.65,0.088
2000-04-14,0.0,6.13,0.084
2000-04-15,0.0,6.33,0.08
2000-04-16,0.0,6.09,0.076
2000-04-17,0.0,6.25,0.072
2000-04-18,0.0,6.59,0.068
2000-04-19,0.0,5.79,0.065
2000-04-20,0.0,6.42,0.062
2000-04-21,0.0,6.34,0.058
2000-04-22,0.0,6.07,0.056
2000-04-23,0.0,5.79,0.053
2000-04-24,0.0,6.22,0.05
2000-04-25,0.0,6.02,0.048
2000-04-26,0.0,6.22,0.045
2000-04-27,0.0,6.13,0.043
2000-04-28,0.0,6.58,0.041
2000-04-29,0.0,6.0,0.039
2000-04-30,0.0,5.74,0.037
2000-05-01,6.0,6.07,0.035
2000-05-02,0.0,6.06,0.033
2000-05-03,0.0,6.37,0.032
2000-05-04,0.0,6.19,0.03
2000-05-05,0.0,6.01,0.029
2000-05-06,0.0,6.32,0.027
2000-05-07,0.0,5.49,0.026
2000-05-08,0.0,5.63,0.024
2000-05-09,0.0,5.51,0.023
2000-05-10,0.0,5.64,0.022
2000-05-11,0.0,5.31,0.021
2000-05-12,5.8,5.88,0.02
2000-05-13,13.5,5.59,0.019
2000-05-14,0.0,5.19,0.018
2000-05-15,0.0,5.29,0.017
2000-05-16,2.6,5.66,0.016
2000-05-17,0.0,5.78,0.015
2000-05-18,5.6,6.1,0.015
2000-05-19,0.0,6.34,0.014
2000-05-20,0.0,5.55,0.013
2000-05-21,0.0,5.1,0.013
2000-05-22,0.0,4.72,0.012
2000-05-23,0.0,5.4,0.011
2000-05-24,0.0,5.04,0.011
2000-05-25,2.4,5.13,0.01
2000-05-26,0.0,5.03,0.01
2000-05-27,0.0,5.14,0.009
2000-05-28,0.0,5.47,0.009
2000-05-29,1.5,5.16,0.008
2000-05-30,16.2,5.03,0.008
2000-05-31,0.0,4.73,0.008
2000-06-01,0.0,4.5,0.007
2000-06-02,0.0,4.82,0.007
2000-06-03,0.0,4.91,0.006
2000-06-04,0.0,5.42,0.006
2000-06-05,41.5,4.89,0.006
2000-06-06,0.0,5.11,0.006
2000-06-07,16.9,4.63,0.005
2000-06-08,10.4,4.38,0.005
2000-06-09,8.5,4.41,0.005
2000-06-10,0.0,4.45,0.004
2000-06-11,0.0,5.26,0.004
2000-06-12,0.0,4.34,0.004
2000-06-13,0.0,4.8,0.004
2000-06-14,0.0,4.24,0.004
2000-06-15,0.0,4.75,0.003
2000-06-16,0.0,4.55,0.003
2000-06-17,0.0,4.35,0.003
2000-06-18,0.0,4.35,0.003
2000-06-19,0.0,4.13,0.003
2000-06-20,0.0,4.42,0.003
2000-06-21,0.0,4.11,0.003
2000-06-22,18.2,3.84,0.002
2000-06-23,23.5,3.79,0.002
2000-06-24,25.3,4.19,0.002
2000-06-25,0.0,4.57,0.002
2000-06-26,0.0,4.11,0.002
2000-06-27,0.0,3.99,0.002
2000-06-28,14.5,4.07,0.002
2000-06-29,32.8,4.34,0.002
2000-06-30,0.0,3.98,0.002
2000-07-01,9.3,3.75,0.002
2000-07-02,0.0,4.17,0.001
2000-07-03,66.5,3.93,89.818
2000-07-04,0.0,4.23,11.131
2000-07-05,0.0,3.79,10.574
2000-07-06,0.0,3.33,10.046
2000-07-07,4.2,3.25,9.543
2000-07-08,0.0,4.12,9.066
2000-07-09,0.0,4.11,8.613
2000-07-10,0.0,3.51,8.182
2000-07-11,0.0,3.41,7.773
2000-07-12,3.8,3.93,7.384
2000-07-13,0.0,3.13,7.015
2000-07-14,10.3,3.16,6.664
2000-07-15,9.0,3.58,6.331
2000-07-16,0.0,3.24,6.015
2000-07-17,0.0,3.33,5.714
2000-07-18,47.7,3.25,106.23
2000-07-19,12.1,3.37,52.507
2000-07-20,21.5,3.65,92.361
2000-07-21,16.0,3.23,79.854
2000-07-22,0.0,3.36,33.738
2000-07-23,11.7,2.53,55.405
2000-07-24,0.0,3.1,33.342
2000-07-25,9.6,2.83,46.489
2000-07-26,15.3,2.69,82.279
2000-07-27,0.0,2.76,36.57
2000-07-28,20.0,2.9,92.147
2000-07-29,33.3,3.25,160.109
2000-07-30,0.0,2.55,52.98
2000-07-31,0.0,2.93,50.331
2000-08-01,0.0,2.75,47.815
2000-08-02,1.0,2.77,45.424
2000-08-03,0.0,3.14,43.153
2000-08-04,0.0,2.98,40.995
2000-08-05,0.0,3.19,38.945
2000-08-06,10.3,2.72,36.998
2000-08-07,19.7,2.54,61.213
2000-08-08,34.1,2.66,162.162
2000-08-09,5.9,2.77,62.844
2000-08-10,0.0,2.73,49.377
2000-08-11,7.3,2.33,55.968
2000-08-12,75.9,2.66,338.137
2000-08-13,42.7,2.69,239.402
2000-08-14,0.0,3.35,95.454
2000-08-15,3.1,3.14,90.682
2000-08-16,7.9,2.31,95.263
2000-08-17,6.7,2.46,99.9
2000-08-18,0.0,2.09,80.919
2000-08-19,1.0,2.33,76.873
2000-08-20,0.0,2.59,73.03
2000-08-21,23.9,2.84,130.028
2000-08-22,6.3,2.25,89.596
2000-08-23,9.2,2.25,99.509
2000-08-24,28.5,1.79,178.263
2000-08-25,33.2,2.38,204.31
2000-08-26,0.0,2.09,92.431
2000-08-27,0.0,2.24,87.809
2000-08-28,11.7,2.13,104.594
2000-08-29,0.0,2.35,81.872
2000-08-30,0.0,1.84,77.778
2000-08-31,3.5,1.92,73.889
2000-09-01,5.1,2.99,70.195
2000-09-02,33.7,1.96,191.805
2000-09-03,6.5,2.01,96.784
2000-09-04,0.0,2.88,77.134
2000-09-05,0.0,3.2,73.277
2000-09-06,0.0,1.97,69.613
2000-09-07,0.0,2.2,66.133
2000-09-08,0.0,2.41,62.826
2000-09-09,3.7,2.83,59.685
2000-09-10,11.8,2.01,56.7
2000-09-11,4.3,2.23,56.395
2000-09-12,4.2,2.53,58.154
2000-09-13,8.3,2.43,73.177
2000-09-14,0.0,2.19,50.155
2000-09-15,21.2,2.26,114.621
2000-09-16,18.9,1.89,121.486
2000-09-17,0.0,2.23,59.302
2000-09-18,0.0,2.23,56.337
2000-09-19,0.0,2.38,53.52
2000-09-20,14.5,2.15,73.392
2000-09-21,0.0,2.46,51.096
2000-09-22,8.9,2.63,63.872
2000-09-23,0.0,2.38,48.014
2000-09-24,3.9,2.44,45.613
2000-09-25,17.6,2.36,100.657
2000-09-26,0.0,2.35,48.269
2000-09-27,1.7,2.14,45.856
2000-09-28,10.4,2.46,64.342
2000-09-29,0.0,2.35,43.959
2000-09-30,26.0,3.01,124.307
2000-10-01,0.0,2.87,49.902
2000-10-02,0.0,2.52,47.407
2000-10-03,0.0,2.19,45.036
2000-10-04,0.0,2.1,42.785
2000-10-05,7.9,2.8,40.645
2000-10-06,0.0,2.54,38.613
2000-10-07,0.0,2.62,36.682
2000-10-08,1.2,1.97,34.848
2000-10-09,0.0,2.78,33.106
2000-10-10,0.0,2.66,31.451
2000-10-11,0.0,2.21,29.878
2000-10-12,0.0,2.42,28.384
2000-10-13,0.0,2.65,26.965
2000-10-14,0.0,2.61,25.617
2000-10-15,0.0,2.53,24.336
2000-10-16,0.0,2.6,23.119
2000-10-17,0.0,2.58,21.963
2000-10-18,0.0,2.72,20.865
2000-10-19,0.0,3.14,19.822
2000-10-20,0.0,1.95,18.831
2000-10-21,0.0,2.67,17.889
2000-10-22,0.0,2.82,16.995
2000-10-23,0.0,2.87,16.145
2000-10-24,0.0,2.7,15.338
2000-10-25,0.0,2.31,14.571
2000-10-26,0.0,2.96,13.842
2000-10-27,0.0,3.4,13.15
2000-10-28,0.0,2.45,12.493
2000-10-29,0.0,3.2,11.868
2000-10-30,0.0,2.87,11.275
2000-10-31,0.0,2.97,10.711
2000-11-01,0.0,2.7,10.175
2000-11-02,0.0,2.95,9.667
2000-11-03,0.0,3.47,9.183
2000-11-04,0.0,3.28,8.724
2000-11-05,0.0,3.65,8.288
2000-11-06,0.0,3.52,7.873
2000-11-07,0.0,3.33,7.48
2000-11-08,0.0,3.75,7.106
2000-11-09,0.0,3.39,6.751
2000-11-10,0.0,3.54,6.413
2000-11-11,0.0,3.23,6.092
2000-11-12,0.0,3.37,5.788
2000-11-13,0.0,3.17,5.498
2000-11-14,0.0,3.71,5.223
2000-11-15,0.0,3.1,4.962
2000-11-16,0.0,3.72,4.714
2000-11-17,0.0,3.46,4.478
2000-11-18,0.0,3.9,4.255
2000-11-19,0.0,3.81,4.042
2000-11-20,0.0,4.17,3.84
2000-11-21,0.0,3.87,3.648
2000-11-22,0.0,3.22,3.465
2000-11-23,0.0,3.7,3.292
2000-11-24,0.0,3.41,3.127
2000-11-25,0.0,3.64,2.971
2000-11-26,0.0,4.29,2.823
2000-11-27,0.0,4.06,2.681
2000-11-28,0.0,3.69,2.547
2000-11-29,0.0,3.64,2.42
2000-11-30,13.2,3.99,2.299
2000-12-01,0.0,3.65,2.184
2000-12-02,0.0,3.85,2.075
2000-12-03,0.0,4.18,1.971
2000-12-04,0.0,4.47,1.873
2000-12-05,0.0,4.35,1.779
2000-12-06,0.0,3.51,1.69
2000-12-07,0.0,4.33,1.605
2000-12-08,0.0,4.3,1.525
2000-12-09,0.0,4.44,1.449
2000-12-10,0.0,4.84,1.376
2000-12-11,0.0,3.77,1.308
2000-12-12,0.0,4.25,1.242
2000-12-13,0.0,4.64,1.18
2000-12-14,0.0,4.03,1.121
2000-12-15,0.0,4.98,1.065
2000-12-16,0.0,4.69,1.012
2000-12-17,0.0,4.87,0.961
2000-12-18,0.0,4.48,0.913
2000-12-19,0.0,4.94,0.868
2000-12-20,0.0,5.05,0.824
2000-12-21,0.0,4.84,0.783
2000-12-22,0.0,4.87,0.744
2000-12-23,0.0,4.92,0.707
2000-12-24,0.0,4.62,0.671
2000-12-25,0.0,4.87,0.638
2000-12-26,0.0,4.91,0.606
2000-12-27,0.0,5.11,0.576
2000-12-28,0.0,5.33,0.547
2000-12-29,0.0,4.75,0.519
2000-12-30,0.0,5.06,0.493
2000-12-31,0.0,5.58,0.469
2001-01-01,0.0,4.92,0.445
2001-01-02,0.0,4.93,0.423
2001-01-03,0.0,5.28,0.402
2001-01-04,0.0,5.51,0.382
2001-01-05,0.0,5.29,0.363
2001-01-06,0.0,5.72,0.345
2001-01-07,0.0,5.62,0.327
2001-01-08,0.0,5.65,0.311
2001-01-09,0.0,5.59,0.295
2001-01-10,0.0,6.16,0.281
2001-01-11,0.0,5.43,0.267
2001-01-12,0.0,4.93,0.253
2001-01-13,0.0,6.04,0.241
2001-01-14,0.0,5.46,0.229
2001-01-15,0.0,5.66,0.217
2001-01-16,0.0,6.05,0.206
2001-01-17,0.0,5.21,0.196
2001-01-18,0.0,5.35,0.186
2001-01-19,0.0,5.28,0.177
2001-01-20,0.0,5.55,0.168
2001-01-21,0.0,5.95,0.16
2001-01-22,0.0,6.0,0.152
2001-01-23,0.0,5.96,0.144
2001-01-24,0.0,5.48,0.137
2001-01-25,0.0,5.24,0.13
2001-01-26,0.0,5.98,0.124
2001-01-27,0.0,5.85,0.117
2001-01-28,0.0,6.16,0.111
2001-01-29,0.0,6.26,0.106
2001-01-30,3.8,6.11,0.101
2001-01-31,0.0,6.33,0.096
2001-02-01,0.0,6.19,0.091
2001-02-02,0.0,6.31,0.086
2001-02-03,0.0,5.96,0.082
2001-02-04,0.0,6.15,0.078
2001-02-05,0.0,6.28,0.074
2001-02-06,22.9,6.49,0.07
2001-02-07,0.0,6.15,0.067
2001-02-08,0.0,6.45,0.063
2001-02-09,0.0,6.23,0.06
2001-02-10,2.1,6.3,0.057
2001-02-11,0.0,6.6,0.054
2001-02-12,0.0,5.78,0.052
2001-02-13,0.0,6.01,0.049
2001-02-14,0.0,5.97,0.047
2001-02-15,0.0,5.73,0.044
2001-02-16,0.0,6.25,0.042
2001-02-17,0.0,6.69,0.04
2001-02-18,0.0,6.4,0.038
2001-02-19,3.2,6.56,0.036
2001-02-20,0.0,6.84,0.034
2001-02-21,0.0,6.93,0.033
2001-02-22,0.0,6.52,0.031
2001-02-23,0.0,6.96,0.029
2001-02-24,0.0,6.6,0.028
2001-02-25,0.0,6.33,0.027
2001-02-26,0.0,6.42,0.025
2001-02-27,0.0,6.16,0.024
2001-02-28,0.0,6.35,0.023
2001-03-01,0.0,6.52,0.022
2001-03-02,4.2,6.88,0.021
2001-03-03,0.0,7.16,0.019
2001-03-04,0.0,6.24,0.019
2001-03-05,0.0,6.78,0.018
2001-03-06,0.0,6.36,0.017
2001-03-07,0.0,6.82,0.016
2001-03-08,0.0,6.64,0.015
2001-03-09,0.0,6.13,0.014
2001-03-10,0.0,6.97,0.014
2001-03-11,0.0,6.51,0.013
2001-03-12,0.0,6.53,0.012
2001-03-13,0.0,6.38,0.012
2001-03-14,0.0,6.5,0.011
2001-03-15,0.0,6.83,0.011
2001-03-16,0.0,6.64,0.01
2001-03-17,0.0,6.8,0.01
2001-03-18,0.0,6.81,0.009
2001-03-19,0.0,7.09,0.009
2001-03-20,0.0,6.59,0.008
2001-03-21,0.0,6.25,0.008
2001-03-22,0.0,7.01,0.007
2001-03-23,0.0,6.58,0.007
2001-03-24,0.0,7.01,0.007
2001-03-25,0.0,6.79,0.006
2001-03-26,0.0,6.63,0.006
2001-03-27,0.0,6.77,0.006
2001-03-28,0.0,7.24,0.005
2001-03-29,0.0,7.27,0.005
2001-03-30,0.0,6.66,0.005
2001-03-31,0.0,6.68,0.005
2001-04-01,0.0,6.94,0.004
2001-04-02,0.0,6.35,0.004
2001-04-03,0.0,6.7,0.004
2001-04-04,0.0,6.58,0.004
2001-04-05,0.0,6.67,0.004
2001-04-06,0.0,6.31,0.003
2001-04-07,0.0,6.07,0.003
2001-04-08,0.0,5.91,0.003
2001-04-09,0.0,6.18,0.003
2001-04-10,0.0,6.36,0.003
2001-04-11,0.0,6.4,0.003
2001-04-12,0.0,7.05,0.003
2001-04-13,0.0,6.78,0.002
2001-04-14,0.0,6.14,0.002
2001-04-15,0.0,6.52,0.002
2001-04-16,0.0,6.27,0.002
2001-04-17,0.0,6.29,0.002
2001-04-18,0.0,6.41,0.002
2001-04-19,0.0,6.52,0.002
2001-04-20,0.0,6.21,0.002
2001-04-21,0.0,6.61,0.002
2001-04-22,0.0,5.93,0.001
2001-04-23,0.0,6.25,0.001
2001-04-24,0.0,7.0,0.001
2001-04-25,0.0,6.27,0.001
2001-04-26,10.0,6.61,0.001
2001-04-27,0.0,6.18,0.001
2001-04-28,0.0,6.3,0.001
2001-04-29,0.0,6.08,0.001
2001-04-30,0.0,6.02,0.001
2001-05-01,0.0,5.81,0.001
2001-05-02,0.0,6.15,0.001
2001-05-03,0.0,5.74,0.001
2001-05-04,0.0,6.16,0.001
2001-05-05,0.0,6.26,0.001
2001-05-06,2.7,6.02,0.001
2001-05-07,0.0,5.79,0.001
2001-05-08,0.0,5.98,0.001
2001-05-09,3.9,5.72,0.001
2001-05-10,0.0,6.07,0.001
2001-05-11,0.0,5.21,0.001
2001-05-12,0.0,5.62,0.001
2001-05-13,0.0,5.1,0.001
2001-05-14,0.0,5.21,0.0
2001-05-15,0.0,6.04,0.0
2001-05-16,0.0,5.86,0.0
2001-05-17,0.0,5.35,0.0
2001-05-18,0.0,5.08,0.0
2001-05-19,0.0,4.61,0.0
2001-05-20,0.0,5.3,0.0
2001-05-21,0.0,6.15,0.0
2001-05-22,5.8,5.52,0.0
2001-05-23,8.4,5.19,0.0
2001-05-24,0.0,5.46,0.0
2001-05-25,0.0,4.82,0.0
2001-05-26,1.3,5.16,0.0
2001-05-27,10.4,5.25,0.0
2001-05-28,0.0,5.16,0.0
2001-05-29,0.0,5.38,0.0
2001-05-30,8.0,5.21,0.0
2001-05-31,17.7,5.27,0.0
2001-06-01,0.0,4.83,0.0
2001-06-02,0.0,5.27,0.0
2001-06-03,22.1,5.45,0.0
2001-06-04,0.0,4.63,0.0
2001-06-05,0.0,4.62,0.0
2001-06-06,23.1,5.25,0.0
2001-06-07,0.0,4.76,0.0
2001-06-08,0.0,5.2,0.0
2001-06-09,0.0,4.61,0.0
2001-06-10,0.0,5.14,0.0
2001-06-11,0.0,4.7,0.0
2001-06-12,0.0,4.7,0.0
2001-06-13,0.0,5.06,0.0
2001-06-14,0.0,4.44,0.0
2001-06-15,0.0,4.23,0.0
2001-06-16,0.0,4.34,0.0
2001-06-17,0.0,4.57,0.0
2001-06-18,8.0,3.93,0.0
2001-06-19,2.7,4.55,0.0
2001-06-20,0.0,4.16,0.0
2001-06-21,0.0,4.63,0.0
2001-06-22,21.7,3.53,0.0
2001-06-23,0.0,3.97,0.0
2001-06-24,7.8,3.67,0.0
2001-06-25,11.4,3.89,0.0
2001-06-26,0.0,4.17,0.0
2001-06-27,30.5,4.01,0.0
2001-06-28,0.0,3.95,0.0
2001-06-29,52.5,3.94,0.0
2001-06-30,0.0,4.01,0.0
2001-07-01,13.6,3.61,0.0
2001-07-02,0.0,4.09,0.0
2001-07-03,0.0,4.04,0.0
2001-07-04,8.1,3.92,0.0
2001-07-05,33.8,3.94,8.642
2001-07-06,19.9,3.82,65.279
2001-07-07,0.0,4.31,8.974
2001-07-08,0.0,3.64,8.525
2001-07-09,3.2,3.54,8.099
2001-07-10,0.2,3.37,7.694
2001-07-11,0.0,3.25,7.309
2001-07-12,0.0,3.15,6.944
2001-07-13,0.0,3.22,6.596
2001-07-14,9.1,3.44,6.267
2001-07-15,0.0,3.52,5.953
2001-07-16,0.0,3.41,5.656
2001-07-17,5.1,3.13,5.373
2001-07-18,9.6,3.6,5.104
2001-07-19,48.0,3.52,135.179
2001-07-20,0.0,3.22,20.756
2001-07-21,9.7,3.04,33.632
2001-07-22,0.0,3.37,20.457
2001-07-23,0.0,3.23,19.434
2001-07-24,0.0,2.71,18.462
2001-07-25,0.0,3.09,17.539
2001-07-26,54.5,3.16,173.882
2001-07-27,0.0,2.78,35.311
2001-07-28,7.1,3.08,38.652
2001-07-29,0.0,2.56,32.501
2001-07-30,0.0,3.37,30.876
2001-07-31,0.0,3.32,29.332
2001-08-01,0.0,2.84,27.865
2001-08-02,41.5,3.0,133.555
2001-08-03,0.0,2.14,38.417
2001-08-04,0.0,2.49,36.496
2001-08-05,0.0,2.73,34.672
2001-08-06,37.1,2.47,142.48
2001-08-07,31.4,2.98,158.347
2001-08-08,0.0,3.34,56.684
2001-08-09,28.1,2.37,143.398
2001-08-10,0.0,2.45,62.253
2001-08-11,0.0,2.75,59.14
2001-08-12,0.0,3.14,56.183
2001-08-13,19.5,2.27,89.629
2001-08-14,0.0,2.69,55.198
2001-08-15,16.3,3.14,94.399
2001-08-16,58.6,2.08,280.703
2001-08-17,0.0,2.18,80.23
2001-08-18,7.1,2.42,86.297
2001-08-19,20.5,2.37,146.051
2001-08-20,29.3,2.75,184.96
2001-08-21,0.0,2.57,88.134
2001-08-22,0.0,1.95,83.727
2001-08-23,48.3,2.62,244.2
2001-08-24,27.9,2.28,198.269
2001-08-25,0.0,2.82,103.846
2001-08-26,2.8,2.24,98.653
2001-08-27,0.0,2.22,93.721
2001-08-28,0.0,2.56,89.035
2001-08-29,0.0,2.62,84.583
2001-08-30,0.0,2.51,80.354
2001-08-31,0.0,1.86,76.336
2001-09-01,0.0,2.52,72.519
2001-09-02,2.6,2.04,68.893
2001-09-03,26.5,2.41,101.25
2001-09-04,0.0,1.91,66.612
2001-09-05,14.2,2.46,102.619
2001-09-06,0.0,2.08,64.992
2001-09-07,0.0,1.93,61.742
2001-09-08,0.0,2.53,58.655
2001-09-09,16.5,2.38,86.526
2001-09-10,0.0,2.12,56.753
2001-09-11,0.0,2.74,53.916
2001-09-12,15.9,2.17,86.934
2001-09-13,0.0,2.31,53.084
2001-09-14,0.0,2.38,50.43
2001-09-15,0.0,2.11,47.909
2001-09-16,0.0,2.44,45.513
2001-09-17,19.2,2.14,75.393
2001-09-18,0.0,2.18,45.06
2001-09-19,0.0,2.72,42.807
2001-09-20,39.8,2.0,172.323
2001-09-21,0.0,1.59,54.947
2001-09-22,5.2,2.8,55.515
2001-09-23,3.1,3.09,50.041
2001-09-24,0.0,2.21,47.506
2001-09-25,11.2,1.75,74.11
2001-09-26,0.0,2.25,46.465
2001-09-27,8.2,2.26,58.968
2001-09-28,0.0,2.3,43.772
2001-09-29,12.1,2.03,72.694
2001-09-30,0.0,2.55,43.359
2001-10-01,10.7,2.54,63.71
2001-10-02,0.0,1.95,41.922
2001-10-03,0.0,2.62,39.826
2001-10-04,8.5,3.04,41.732
2001-10-05,0.0,2.49,36.426
2001-10-06,0.0,2.35,34.604
2001-10-07,0.0,2.42,32.874
2001-10-08,0.0,2.66,31.231
2001-10-09,25.6,1.97,85.427
2001-10-10,0.0,2.56,35.095
2001-10-11,0.0,2.41,33.34
2001-10-12,0.0,3.09,31.673
2001-10-13,0.0,2.5,30.089
2001-10-14,0.0,3.08,28.585
2001-10-15,0.0,2.26,27.156
2001-10-16,0.0,2.79,25.798
2001-10-17,0.0,2.73,24.508
2001-10-18,0.0,2.39,23.283
2001-10-19,0.0,2.73,22.118
2001-10-20,0.0,3.06,21.012
2001-10-21,0.0,2.62,19.962
2001-10-22,0.0,2.23,18.964
2001-10-23,0.0,2.76,18.016
2001-10-24,2.3,2.51,17.115
2001-10-25,0.0,2.71,16.259
2001-10-26,0.0,2.81,15.446
2001-10-27,0.0,2.35,14.674
2001-10-28,0.0,2.4,13.94
2001-10-29,0.0,3.06,13.243
2001-10-30,0.0,2.78,12.581
2001-10-31,0.0,2.19,11.952
2001-11-01,0.0,3.23,11.354
2001-11-02,0.0,3.1,10.787
2001-11-03,0.0,2.83,10.247
2001-11-04,0.0,2.68,9.735
2001-11-05,0.0,3.36,9.248
2001-11-06,0.0,3.24,8.786
2001-11-07,0.0,3.88,8.346
2001-11-08,7.4,3.32,7.929
2001-11-09,9.2,3.34,7.533
2001-11-10,0.0,3.21,7.156
2001-11-11,0.0,3.53,6.798
2001-11-12,0.0,3.51,6.458
2001-11-13,0.0,3.73,6.135
2001-11-14,0.0,3.23,5.829
2001-11-15,0.0,3.29,5.537
2001-11-16,0.0,3.31,5.26
2001-11-17,0.0,3.72,4.997
2001-11-18,0.0,3.97,4.747
2001-11-19,0.0,3.41,4.51
2001-11-20,3.5,3.46,4.285
2001-11-21,0.0,3.71,4.07
2001-11-22,0.0,3.58,3.867
2001-11-23,0.0,3.97,3.673
2001-11-24,0.0,3.05,3.49
2001-11-25,0.0,3.51,3.315
2001-11-26,0.0,3.56,3.15
2001-11-27,0.0,3.14,2.992
2001-11-28,0.0,3.58,2.842
2001-11-29,0.0,3.63,2.7
2001-11-30,0.0,3.88,2.565
2001-12-01,4.0,4.31,2.437
2001-12-02,0.0,3.94,2.315
2001-12-03,0.0,3.74,2.199
2001-12-04,0.0,4.07,2.089
2001-12-05,0.0,4.44,1.985
2001-12-06,0.0,3.87,1.886
2001-12-07,0.0,3.93,1.791
2001-12-08,0.0,4.41,1.702
2001-12-09,0.0,4.21,1.617
2001-12-10,5.8,4.51,1.536
2001-12-11,0.0,4.35,1.459
2001-12-12,0.0,4.6,1.386
2001-12-13,0.0,4.12,1.317
2001-12-14,0.0,4.46,1.251
2001-12-15,0.0,4.44,1.188
2001-12-16,0.0,4.18,1.129
2001-12-17,0.0,4.11,1.073
2001-12-18,0.0,4.82,1.019
2001-12-19,19.5,4.55,0.968
2001-12-20,0.0,4.38,0.92
2001-12-21,0.0,4.7,0.874
2001-12-22,0.0,5.11,0.83
2001-12-23,0.0,4.12,0.788
2001-12-24,0.0,4.39,0.749
2001-12-25,0.0,4.6,0.712
2001-12-26,0.0,5.35,0.676
2001-12-27,0.0,5.04,0.642
2001-12-28,0.0,5.22,0.61
2001-12-29,0.0,4.68,0.58
2001-12-30,0.0,4.73,0.551
2001-12-31,0.0,5.23,0.523
2002-01-01,0.0,5.16,0.497
2002-01-02,0.0,5.35,0.472
2002-01-03,16.8,5.16,0.448
2002-01-04,0.0,5.34,0.426
2002-01-05,0.0,5.34,0.405
2002-01-06,0.0,5.56,0.385
2002-01-07,0.0,5.6,0.365
2002-01-08,0.0,4.91,0.347
2002-01-09,0.0,4.75,0.33
2002-01-10,0.0,5.76,0.313
2002-01-11,0.0,5.85,0.298
2002-01-12,0.0,5.22,0.283
2002-01-13,0.0,5.0,0.269
2002-01-14,0.0,5.63,0.255
2002-01-15,0.0,5.91,0.242
2002-01-16,0.0,6.2,0.23
2002-01-17,0.0,5.85,0.219
2002-01-18,0.0,5.61,0.208
2002-01-19,0.0,5.49,0.197
2002-01-20,0.0,5.79,0.188
2002-01-21,0.0,5.73,0.178
2002-01-22,0.0,5.54,0.169
2002-01-23,0.0,6.49,0.161
2002-01-24,0.0,6.44,0.153
2002-01-25,0.0,6.28,0.145
2002-01-26,0.0,5.69,0.138
2002-01-27,0.0,6.25,0.131
2002-01-28,0.0,6.21,0.124
2002-01-29,0.0,6.18,0.118
2002-01-30,7.3,6.45,0.112
2002-01-31,0.0,6.29,0.107
2002-02-01,0.0,6.35,0.101
2002-02-02,0.0,6.34,0.096
2002-02-03,0.0,6.28,0.091
2002-02-04,0.0,5.66,0.087
2002-02-05,0.0,6.25,0.083
2002-02-06,0.0,6.08,0.078
2002-02-07,0.0,5.89,0.074
2002-02-08,0.0,6.8,0.071
2002-02-09,0.0,6.83,0.067
2002-02-10,0.0,6.74,0.064
2002-02-11,0.0,6.43,0.061
2002-02-12,0.0,6.78,0.058
2002-02-13,0.0,6.4,0.055
2002-02-14,0.0,6.47,0.052
2002-02-15,0.0,6.1,0.049
2002-02-16,0.0,6.57,0.047
2002-02-17,0.0,6.49,0.045
2002-02-18,0.0,6.09,0.042
2002-02-19,0.0,6.48,0.04
2002-02-20,0.0,6.49,0.038
2002-02-21,0.0,7.07,0.036
2002-02-22,0.0,6.81,0.035
2002-02-23,0.0,6.56,0.033
2002-02-24,0.0,6.65,0.031
2002-02-25,0.0,6.6,0.03
2002-02-26,0.0,6.53,0.028
2002-02-27,0.0,6.28,0.027
2002-02-28,0.0,6.57,0.025
2002-03-01,0.0,6.4,0.024
2002-03-02,0.0,6.26,0.023
2002-03-03,0.0,6.8,0.022
2002-03-04,0.0,6.77,0.021
2002-03-05,0.0,6.12,0.02
2002-03-06,0.0,6.63,0.019
2002-03-07,0.0,6.97,0.018
2002-03-08,0.0,7.0,0.017
2002-03-09,0.0,6.99,0.016
2002-03-10,0.0,6.7,0.015
2002-03-11,9.7,6.44,0.014
2002-03-12,3.7,6.37,0.014
2002-03-13,0.0,6.8,0.013
2002-03-14,0.0,6.81,0.012
2002-03-15,0.0,7.09,0.012
2002-03-16,0.0,7.03,0.011
2002-03-17,0.0,6.66,0.011
2002-03-18,0.0,6.33,0.01
2002-03-19,0.0,6.6,0.01
2002-03-20,0.0,6.76,0.009
2002-03-21,0.0,6.63,0.009
2002-03-22,0.0,6.51,0.008
2002-03-23,1.9,6.76,0.008
2002-03-24,0.0,6.53,0.007
2002-03-25,0.0,6.49,0.007
2002-03-26,0.0,6.76,0.007
2002-03-27,0.0,6.54,0.006
2002-03-28,0.0,6.73,0.006
2002-03-29,3.6,6.73,0.006
2002-03-30,0.0,6.29,0.005
2002-03-31,0.0,6.48,0.005
2002-04-01,0.0,7.05,0.005
2002-04-02,0.0,6.26,0.005
2002-04-03,0.0,5.96,0.004
2002-04-04,0.0,6.02,0.004
2002-04-05,0.0,6.58,0.004
2002-04-06,0.0,6.57,0.004
2002-04-07,7.6,6.51,0.004
2002-04-08,0.0,6.89,0.003
2002-04-09,0.0,5.71,0.003
2002-04-10,0.0,6.62,0.003
2002-04-11,0.0,6.95,0.003
2002-04-12,0.0,6.13,0.003
2002-04-13,0.0,6.34,0.003
2002-04-14,0.0,6.21,0.003
2002-04-15,0.0,6.15,0.002
2002-04-16,0.0,6.3,0.002
2002-04-17,0.0,6.8,0.002
2002-04-18,0.0,6.91,0.002
2002-04-19,0.0,6.23,0.002
2002-04-20,0.0,6.88,0.002
2002-04-21,0.0,6.3,0.002
2002-04-22,0.0,6.8,0.002
2002-04-23,0.0,6.22,0.002
2002-04-24,0.0,6.26,0.002
2002-04-25,0.0,6.31,0.001
2002-04-26,0.0,7.13,0.001
2002-04-27,0.0,6.41,0.001
2002-04-28,0.0,5.91,0.001
2002-04-29,0.0,6.39,0.001
2002-04-30,0.0,5.96,0.001
2002-05-01,0.0,5.9,0.001
2002-05-02,0.0,6.29,0.001
2002-05-03,0.0,6.0,0.001
2002-05-04,0.0,6.05,0.001
2002-05-05,0.0,5.94,0.001
2002-05-06,0.0,6.01,0.001
2002-05-07,0.0,6.0,0.001
2002-05-08,0.0,5.27,0.001
2002-05-09,0.0,6.02,0.001
2002-05-10,0.0,5.49,0.001
2002-05-11,0.0,5.32,0.001
2002-05-12,0.0,5.71,0.001
2002-05-13,0.0,5.72,0.001
2002-05-14,0.0,5.45,0.001
2002-05-15,0.0,5.88,0.001
2002-05-16,0.0,5.19,0.0
2002-05-17,0.0,5.44,0.0
2002-05-18,18.1,5.35,0.0
2002-05-19,0.0,5.48,0.0
2002-05-20,0.0,5.55,0.0
2002-05-21,0.0,5.13,0.0
2002-05-22,0.0,5.61,0.0
2002-05-23,0.0,5.38,0.0
2002-05-24,0.0,4.76,0.0
2002-05-25,0.0,4.7,0.0
2002-05-26,36.4,5.25,0.0
2002-05-27,0.0,5.15,0.0
2002-05-28,0.0,5.15,0.0
2002-05-29,0.0,5.14,0.0
2002-05-30,5.7,5.18,0.0
2002-05-31,0.0,5.36,0.0
2002-06-01,0.0,4.7,0.0
2002-06-02,0.0,4.65,0.0
2002-06-03,19.0,4.63,0.0
2002-06-04,0.0,5.01,0.0
2002-06-05,0.0,5.26,0.0
2002-06-06,0.0,4.72,0.0
2002-06-07,24.0,4.06,0.0
2002-06-08,1.9,4.26,0.0
2002-06-09,4.0,4.49,0.0
2002-06-10,0.0,4.53,0.0
2002-06-11,3.2,4.54,0.0
2002-06-12,14.3,4.64,0.0
2002-06-13,0.0,4.49,0.0
2002-06-14,19.4,4.86,0.0
2002-06-15,2.6,4.31,0.0
2002-06-16,0.0,4.22,0.0
2002-06-17,20.5,4.58,0.0
2002-06-18,60.5,3.94,0.0
2002-06-19,12.3,4.48,0.0
2002-06-20,29.7,4.35,29.913
2002-06-21,0.0,4.24,3.707
2002-06-22,6.8,4.72,3.521
2002-06-23,30.7,4.02,101.769
2002-06-24,0.0,4.79,15.374
2002-06-25,0.0,4.07,14.605
2002-06-26,22.6,3.71,54.87
2002-06-27,7.9,4.08,33.515
2002-06-28,0.0,3.7,19.238
2002-06-29,0.0,3.76,18.276
2002-06-30,0.0,4.07,17.362
2002-07-01,11.2,4.08,16.494
2002-07-02,10.0,3.69,25.162
2002-07-03,8.1,4.14,31.875
2002-07-04,0.0,4.15,17.219
2002-07-05,0.0,4.2,16.358
2002-07-06,37.3,3.89,116.506
2002-07-07,0.0,4.11,27.274
2002-07-08,11.8,3.1,44.47
2002-07-09,0.0,3.53,26.914
2002-07-10,0.0,3.33,25.569
2002-07-11,6.7,3.59,24.29
2002-07-12,6.1,3.35,23.076
2002-07-13,0.0,3.44,21.922
2002-07-14,18.5,4.02,62.147
2002-07-15,0.0,3.37,24.905
2002-07-16,24.2,3.52,92.995
2002-07-17,0.0,3.29,31.068
2002-07-18,3.0,3.35,29.515
2002-07-19,23.1,3.3,92.982
2002-07-20,6.3,3.4,46.264
2002-07-21,0.8,3.58,34.385
2002-07-22,24.3,3.7,104.009
2002-07-23,0.0,3.26,39.873
2002-07-24,15.5,3.32,73.694
2002-07-25,35.7,2.77,171.914
2002-07-26,6.4,3.06,68.032
2002-07-27,28.0,3.34,152.082
2002-07-28,0.0,3.29,63.134
2002-07-29,0.0,3.06,59.977
2002-07-30,1.0,3.24,56.979
2002-07-31,0.0,3.09,54.13
2002-08-01,0.0,3.28,51.423
2002-08-02,0.0,2.98,48.852
2002-08-03,5.4,2.76,46.409
2002-08-04,20.1,2.94,55.648
2002-08-05,13.3,1.94,88.678
2002-08-06,0.0,2.91,46.772
2002-08-07,0.0,1.67,44.433
2002-08-08,58.1,2.23,247.288
2002-08-09,44.7,2.86,232.582
2002-08-10,0.0,2.84,82.939
2002-08-11,0.0,2.33,78.792
2002-08-12,10.7,2.44,87.539
2002-08-13,0.0,3.05,72.682
2002-08-14,13.6,2.47,101.448
2002-08-15,9.1,3.27,92.89
2002-08-16,0.0,2.58,69.014
2002-08-17,0.0,2.68,65.564
2002-08-18,0.0,3.03,62.285
2002-08-19,9.6,2.57,59.171
2002-08-20,52.4,2.21,252.43
2002-08-21,5.5,2.46,89.855
2002-08-22,7.7,2.47,96.218
2002-08-23,31.9,2.06,193.308
2002-08-24,0.7,2.37,85.212
2002-08-25,15.1,2.21,125.821
2002-08-26,11.0,2.7,115.606
2002-08-27,53.0,2.42,284.416
2002-08-28,0.0,2.32,103.352
2002-08-29,4.8,2.36,98.763
2002-08-30,0.0,2.45,93.347
2002-08-31,0.0,2.55,88.679
2002-09-01,0.0,2.06,84.245
2002-09-02,9.0,2.04,80.192
2002-09-03,6.9,2.68,92.902
2002-09-04,0.0,2.21,74.336
2002-09-05,0.0,1.91,70.62
2002-09-06,39.5,2.46,198.8
2002-09-07,0.0,2.46,80.055
2002-09-08,0.0,1.86,76.052
2002-09-09,4.7,2.38,72.25
2002-09-10,0.0,2.53,68.637
2002-09-11,5.3,2.42,65.205
2002-09-12,8.6,2.49,80.375
2002-09-13,0.0,1.88,61.131
2002-09-14,13.1,2.4,93.376
2002-09-15,0.0,2.21,59.545
2002-09-16,0.0,2.16,56.568
2002-09-17,21.8,2.56,113.405
2002-09-18,0.0,2.75,58.446
2002-09-19,0.0,2.84,55.524
2002-09-20,10.5,2.7,61.986
2002-09-21,0.0,2.28,51.255
2002-09-22,0.0,2.42,48.692
2002-09-23,0.0,2.55,46.258
2002-09-24,2.4,2.36,43.945
2002-09-25,23.3,2.37,97.459
2002-09-26,0.0,2.59,46.564
2002-09-27,11.8,2.33,71.817
2002-09-28,10.6,2.14,79.223
2002-09-29,0.0,2.24,47.355
2002-09-30,0.0,2.57,44.987
2002-10-01,15.9,2.39,77.79
2002-10-02,26.4,2.5,140.379
2002-10-03,0.0,2.61,54.523
2002-10-04,0.0,2.31,51.797
2002-10-05,0.0,2.66,49.207
2002-10-06,11.6,2.56,53.27
2002-10-07,2.9,2.09,48.452
2002-10-08,0.0,2.91,43.357
2002-10-09,0.0,2.34,41.19
2002-10-10,0.0,2.01,39.13
2002-10-11,0.0,2.21,37.174
2002-10-12,0.0,2.23,35.315
2002-10-13,0.0,2.57,33.549
2002-10-14,0.0,2.49,31.872
2002-10-15,8.0,2.49,30.278
2002-10-16,0.0,2.8,28.764
2002-10-17,0.0,2.73,27.326
2002-10-18,0.0,2.75,25.96
2002-10-19,0.0,2.8,24.662
2002-10-20,0.0,2.88,23.429
2002-10-21,0.0,2.08,22.257
2002-10-22,0.0,2.63,21.144
2002-10-23,0.0,2.11,20.087
2002-10-24,0.0,2.8,19.083
2002-10-25,0.0,2.81,18.129
2002-10-26,0.0,3.15,17.222
2002-10-27,0.0,3.22,16.361
2002-10-28,0.0,2.95,15.543
2002-10-29,3.9,2.76,14.766
2002-10-30,0.0,3.08,14.028
2002-10-31,2.4,2.81,13.326
2002-11-01,0.0,2.99,12.66
2002-11-02,0.0,3.31,12.027
2002-11-03,0.0,2.88,11.426
2002-11-04,0.0,3.32,10.854
2002-11-05,0.0,3.31,10.312
2002-11-06,0.0,2.85,9.796
2002-11-07,0.0,3.46,9.306
2002-11-08,0.0,3.4,8.841
2002-11-09,0.0,3.26,8.399
2002-11-10,0.0,3.03,7.979
2002-11-11,0.0,3.03,7.58
2002-11-12,0.0,3.16,7.201
2002-11-13,0.0,3.51,6.841
2002-11-14,0.0,3.1,6.499
2002-11-15,0.0,3.55,6.174
2002-11-16,0.0,3.08,5.865
2002-11-17,5.3,3.42,5.572
2002-11-18,0.0,3.55,5.293
2002-11-19,0.0,4.28,5.029
2002-11-20,0.0,3.17,4.777
2002-11-21,0.0,4.06,4.538
2002-11-22,0.0,3.7,4.311
2002-11-23,0.0,3.81,4.096
2002-11-24,0.0,3.76,3.891
2002-11-25,0.0,3.89,3.697
2002-11-26,0.0,3.75,3.512
2002-11-27,0.0,4.27,3.336
2002-11-28,14.4,3.73,3.169
2002-11-29,0.0,4.24,3.011
2002-11-30,0.0,3.75,2.86
2002-12-01,0.0,3.96,2.717
2002-12-02,0.0,3.69,2.581
2002-12-03,0.0,4.19,2.452
2002-12-04,0.0,4.52,2.33
2002-12-05,0.0,4.1,2.213
2002-12-06,0.0,4.1,2.103
2002-12-07,0.0,3.87,1.997
2002-12-08,0.0,4.17,1.898
2002-12-09,0.0,3.8,1.803
2002-12-10,0.0,4.04,1.713
2002-12-11,9.7,4.42,1.627
2002-12-12,0.0,4.78,1.546
2002-12-13,0.0,5.27,1.468
2002-12-14,0.0,4.29,1.395
2002-12-15,0.0,4.93,1.325
2002-12-16,0.0,4.61,1.259
2002-12-17,0.0,4.53,1.196
2002-12-18,0.0,4.75,1.136
2002-12-19,0.0,4.67,1.079
2002-12-20,0.0,4.72,1.025
2002-12-21,0.0,4.61,0.974
2002-12-22,0.0,4.35,0.925
2002-12-23,0.0,4.34,0.879
2002-12-24,0.0,5.04,0.835
2002-12-25,0.0,4.8,0.793
2002-12-26,0.0,4.74,0.754
2002-12-27,0.0,4.96,0.716
2002-12-28,0.0,5.23,0.68
2002-12-29,0.0,5.08,0.646
2002-12-30,0.0,4.87,0.614
2002-12-31,0.0,5.47,0.583
2003-01-01,0.0,5.62,0.554
2003-01-02,25.9,5.33,0.526
2003-01-03,0.0,5.51,0.5
2003-01-04,0.0,5.63,0.475
2003-01-05,0.0,5.63,0.451
2003-01-06,0.0,5.51,0.429
2003-01-07,0.0,5.54,0.407
2003-01-08,0.0,5.55,0.387
2003-01-09,0.0,5.1,0.368
2003-01-10,0.0,5.67,0.349
2003-01-11,0.0,5.09,0.332
2003-01-12,0.0,5.29,0.315
2003-01-13,0.0,5.95,0.299
2003-01-14,0.0,5.85,0.284
2003-01-15,0.0,6.07,0.27
2003-01-16,0.0,5.58,0.257
2003-01-17,0.0,5.35,0.244
2003-01-18,0.0,5.65,0.232
2003-01-19,0.0,5.79,0.22
2003-01-20,0.0,5.81,0.209
2003-01-21,0.0,6.16,0.199
2003-01-22,0.0,5.74,0.189
2003-01-23,16.0,5.98,0.179
2003-01-24,0.0,5.61,0.17
2003-01-25,0.0,6.07,0.162
2003-01-26,0.0,5.96,0.154
2003-01-27,0.0,5.77,0.146
2003-01-28,0.0,5.95,0.139
2003-01-29,0.0,5.99,0.132
2003-01-30,0.0,5.99,0.125
2003-01-31,0.0,6.63,0.119
2003-02-01,0.0,6.1,0.113
2003-02-02,0.0,6.08,0.107
2003-02-03,0.0,5.55,0.102
2003-02-04,0.0,5.93,0.097
2003-02-05,0.0,6.14,0.092
2003-02-06,0.0,6.04,0.087
2003-02-07,0.0,6.68,0.083
2003-02-08,0.0,6.24,0.079
2003-02-09,0.0,6.7,0.075
2003-02-10,0.0,6.35,0.071
2003-02-11,0.0,6.37,0.068
2003-02-12,0.0,6.35,0.064
2003-02-13,0.0,6.4,0.061
2003-02-14,0.0,6.93,0.058
2003-02-15,0.0,5.74,0.055
2003-02-16,0.0,5.85,0.052
2003-02-17,0.0,6.3,0.05
2003-02-18,0.0,6.49,0.047
2003-02-19,0.0,6.71,0.045
2003-02-20,0.0,6.66,0.043
2003-02-21,0.0,6.41,0.041
2003-02-22,0.0,6.85,0.038
2003-02-23,0.0,6.87,0.037
2003-02-24,0.0,6.63,0.035
2003-02-25,0.0,6.87,0.033
2003-02-26,0.0,6.68,0.031
2003-02-27,0.0,6.44,0.03
2003-02-28,0.0,6.83,0.028
2003-03-01,0.0,6.66,0.027
2003-03-02,0.0,6.64,0.026
2003-03-03,0.0,7.09,0.024
2003-03-04,0.0,5.92,0.023
2003-03-05,0.0,6.24,0.022
2003-03-06,0.0,6.31,0.021
2003-03-07,0.0,6.56,0.02
2003-03-08,0.0,6.6,0.019
2003-03-09,0.0,6.23,0.018
2003-03-10,0.0,6.39,0.017
2003-03-11,0.0,6.43,0.016
2003-03-12,0.0,7.43,0.015
2003-03-13,0.0,7.24,0.015
2003-03-14,0.0,6.58,0.014
2003-03-15,0.0,6.59,0.013
2003-03-16,0.0,6.36,0.012
2003-03-17,0.0,6.13,0.012
2003-03-18,0.0,6.66,0.011
2003-03-19,0.0,6.4,0.011
2003-03-20,0.0,6.67,0.01
2003-03-21,0.0,6.21,0.01
2003-03-22,0.0,6.46,0.009
2003-03-23,0.0,6.73,0.009
2003-03-24,0.0,6.79,0.008
2003-03-25,0.0,6.8,0.008
2003-03-26,0.0,6.27,0.007
2003-03-27,0.0,6.92,0.007
2003-03-28,0.0,6.41,0.007
2003-03-29,0.0,6.84,0.006
2003-03-30,0.0,6.63,0.006
2003-03-31,0.0,6.21,0.006
2003-04-01,0.0,6.52,0.005
2003-04-02,0.0,6.72,0.005
2003-04-03,0.0,6.78,0.005
2003-04-04,0.0,6.54,0.005
2003-04-05,0.0,7.03,0.004
2003-04-06,0.0,6.86,0.004
2003-04-07,0.0,6.47,0.004
2003-04-08,0.0,6.76,0.004
2003-04-09,0.0,7.1,0.004
2003-04-10,0.0,7.09,0.003
2003-04-11,0.0,6.12,0.003
2003-04-12,0.0,6.19,0.003
2003-04-13,0.0,6.9,0.003
2003-04-14,0.0,6.11,0.003
2003-04-15,0.0,6.02,0.003
2003-04-16,0.0,6.25,0.003
2003-04-17,0.0,6.5,0.002
2003-04-18,0.0,6.32,0.002
2003-04-19,0.0,6.14,0.002
2003-04-20,0.0,6.11,0.002
2003-04-21,0.0,6.08,0.002
2003-04-22,0.0,6.01,0.002
2003-04-23,0.0,6.93,0.002
2003-04-24,0.0,6.31,0.002
2003-04-25,0.0,6.47,0.002
2003-04-26,0.0,6.03,0.002
2003-04-27,0.0,6.09,0.001
2003-04-28,0.0,5.91,0.001
2003-04-29,0.0,5.3,0.001
2003-04-30,0.0,5.66,0.001
2003-05-01,0.0,5.5,0.001
2003-05-02,0.0,5.34,0.001
2003-05-03,0.0,5.63,0.001
2003-05-04,0.0,6.36,0.001
2003-05-05,0.0,5.92,0.001
2003-05-06,0.0,6.29,0.001
2003-05-07,0.0,6.0,0.001
2003-05-08,0.0,6.08,0.001
2003-05-09,0.0,5.55,0.001
2003-05-10,9.0,5.94,0.001
2003-05-11,0.0,5.97,0.001
2003-05-12,0.0,5.55,0.001
2003-05-13,5.2,5.86,0.001
2003-05-14,0.0,5.83,0.001
2003-05-15,0.0,5.46,0.001
2003-05-16,11.3,5.26,0.001
2003-05-17,0.0,5.21,0.001
2003-05-18,0.0,5.56,0.0
2003-05-19,0.0,5.59,0.0
2003-05-20,0.0,5.22,0.0
2003-05-21,0.0,5.44,0.0
2003-05-22,37.7,5.56,0.0
2003-05-23,0.0,5.54,0.0
2003-05-24,0.0,5.79,0.0
2003-05-25,0.0,5.67,0.0
2003-05-26,2.4,4.95,0.0
2003-05-27,0.0,5.72,0.0
2003-05-28,29.1,5.02,0.0
2003-05-29,0.0,5.46,0.0
2003-05-30,0.0,5.13,0.0
2003-05-31,0.0,4.95,0.0
2003-06-01,0.8,4.49,0.0
2003-06-02,0.0,4.95,0.0
2003-06-03,5.9,4.49,0.0
2003-06-04,14.0,5.22,0.0
2003-06-05,0.0,5.34,0.0
2003-06-06,0.0,4.61,0.0
2003-06-07,0.0,4.9,0.0
2003-06-08,0.0,4.56,0.0
2003-06-09,10.4,4.55,0.0
2003-06-10,13.0,4.93,0.0
2003-06-11,0.0,4.65,0.0
2003-06-12,2.4,5.15,0.0
2003-06-13,0.0,4.44,0.0
2003-06-14,28.4,4.85,0.0
2003-06-15,0.0,4.54,0.0
2003-06-16,0.0,4.71,0.0
2003-06-17,15.2,4.3,0.0
2003-06-18,20.4,4.38,0.0
2003-06-19,0.0,4.33,0.0
2003-06-20,0.0,4.07,0.0
2003-06-21,0.0,4.48,0.0
2003-06-22,0.0,4.44,0.0
2003-06-23,12.6,4.39,0.0
2003-06-24,9.6,4.63,0.0
2003-06-25,0.0,4.57,0.0
2003-06-26,12.0,3.99,0.0
2003-06-27,0.0,4.17,0.0
2003-06-28,9.9,3.84,0.0
2003-06-29,24.3,3.99,0.0
2003-06-30,0.0,3.77,0.0
2003-07-01,0.0,4.4,0.0
2003-07-02,0.0,3.99,0.0
2003-07-03,12.5,3.78,0.0
2003-07-04,0.0,4.16,0.0
2003-07-05,0.0,3.12,0.0
2003-07-06,0.0,3.13,0.0
2003-07-07,0.0,3.94,0.0
2003-07-08,0.0,3.68,0.0
2003-07-09,0.0,3.7,0.0
2003-07-10,0.9,3.2,0.0
2003-07-11,24.6,3.55,0.0
2003-07-12,0.0,4.13,0.0
2003-07-13,44.0,3.74,24.929
2003-07-14,3.6,3.51,3.448
2003-07-15,0.0,3.29,2.979
2003-07-16,9.4,3.27,14.366
2003-07-17,0.0,2.72,4.118
2003-07-18,0.0,3.4,3.912
2003-07-19,52.1,3.55,173.701
2003-07-20,0.0,2.79,24.594
2003-07-21,12.7,3.03,50.99
2003-07-22,0.0,2.85,25.619
2003-07-23,0.0,2.88,24.338
2003-07-24,7.0,3.16,23.121
2003-07-25,20.8,2.49,88.087
2003-07-26,17.2,3.27,84.684
2003-07-27,69.7,3.28,299.719
2003-07-28,15.4,2.95,115.352
2003-07-29,0.0,2.25,68.517
2003-07-30,20.2,2.67,126.214
2003-07-31,0.0,3.31,69.411
2003-08-01,108.5,2.08,477.789
2003-08-02,0.0,2.79,113.677
2003-08-03,3.5,2.51,107.993
2003-08-04,10.7,3.08,126.059
2003-08-05,0.0,2.61,100.371
2003-08-06,23.6,2.91,167.685
2003-08-07,0.0,2.94,99.548
2003-08-08,66.0,3.3,333.372
2003-08-09,0.0,2.66,119.432
2003-08-10,0.0,2.81,113.461
2003-08-11,0.0,2.23,107.788
2003-08-12,15.7,3.02,123.057
2003-08-13,12.1,2.41,138.531
2003-08-14,19.5,2.45,167.723
2003-08-15,14.9,2.59,152.25
2003-08-16,12.7,2.11,146.318
2003-08-17,0.0,2.63,104.07
2003-08-18,0.0,2.83,98.866
2003-08-19,0.0,2.61,93.923
2003-08-20,0.5,2.03,89.227
2003-08-21,39.9,2.46,197.039
2003-08-22,0.0,2.7,94.439
2003-08-23,30.0,1.9,191.234
2003-08-24,26.4,2.13,194.722
2003-08-25,0.0,2.7,104.929
2003-08-26,0.0,2.51,99.682
2003-08-27,0.0,2.54,94.698
2003-08-28,13.5,2.96,101.877
2003-08-29,0.0,2.53,86.941
2003-08-30,10.3,2.58,103.437
2003-08-31,40.3,3.18,229.269
2003-09-01,0.0,2.3,95.362
2003-09-02,12.4,2.11,122.586
2003-09-03,0.0,2.47,90.028
2003-09-04,0.0,2.47,85.527
2003-09-05,2.8,2.17,81.25
2003-09-06,0.0,2.01,77.188
2003-09-07,0.0,3.01,73.328
2003-09-08,0.0,2.41,69.662
2003-09-09,0.0,2.09,66.179
2003-09-10,0.0,2.58,62.87
2003-09-11,7.6,2.27,59.726
2003-09-12,0.0,2.23,56.74
2003-09-13,0.0,2.47,53.903
2003-09-14,33.0,1.91,116.745
2003-09-15,0.0,2.41,56.769
2003-09-16,0.0,2.87,53.93
2003-09-17,0.0,2.44,51.234
2003-09-18,0.0,2.19,48.672
2003-09-19,0.0,2.15,46.238
2003-09-20,0.0,2.19,43.926
2003-09-21,0.0,2.24,41.73
2003-09-22,0.0,2.2,39.644
2003-09-23,4.8,2.6,37.661
2003-09-24,14.0,1.81,35.778
2003-09-25,0.0,2.59,33.989
2003-09-26,0.0,2.23,32.29
2003-09-27,0.0,2.46,30.675
2003-09-28,30.9,2.02,103.424
2003-09-29,0.0,2.77,36.889
2003-09-30,0.0,2.75,35.045
2003-10-01,0.0,2.67,33.292
2003-10-02,17.3,1.94,60.947
2003-10-03,0.0,2.66,33.679
2003-10-04,0.0,2.54,31.995
2003-10-05,0.0,1.95,30.396
2003-10-06,27.7,2.44,101.809
2003-10-07,0.0,2.57,36.469
2003-10-08,0.0,2.64,34.646
2003-10-09,0.0,2.54,32.914
2003-10-10,4.1,2.59,31.268
2003-10-11,0.0,2.96,29.705
2003-10-12,0.0,2.91,28.219
2003-10-13,0.0,1.7,26.808
2003-10-14,0.0,2.48,25.468
2003-10-15,0.0,2.54,24.195
2003-10-16,0.0,2.09,22.985
2003-10-17,0.2,2.66,21.836
2003-10-18,0.0,3.03,20.744
2003-10-19,0.0,2.35,19.707
2003-10-20,0.0,2.8,18.721
2003-10-21,0.0,2.44,17.785
2003-10-22,0.0,2.54,16.896
2003-10-23,0.0,3.21,16.051
2003-10-24,0.0,2.62,15.249
2003-10-25,0.0,2.95,14.486
2003-10-26,0.0,2.27,13.762
2003-10-27,0.0,3.42,13.074
2003-10-28,0.0,3.07,12.42
2003-10-29,6.0,2.86,11.799
2003-10-30,0.0,3.11,11.209
2003-10-31,0.0,2.54,10.649
2003-11-01,0.0,3.35,10.116
2003-11-02,0.0,2.92,9.61
2003-11-03,0.0,2.99,9.13
2003-11-04,0.0,2.93,8.673
2003-11-05,0.0,2.93,8.24
2003-11-06,0.0,3.34,7.828
2003-11-07,0.0,3.24,7.436
2003-11-08,0.0,3.39,7.065
2003-11-09,0.0,3.22,6.711
2003-11-10,0.0,3.41,6.376
2003-11-11,0.0,3.16,6.057
2003-11-12,0.0,3.99,5.754
2003-11-13,0.0,2.88,5.466
2003-11-14,0.0,3.76,5.193
2003-11-15,0.0,3.83,4.933
2003-11-16,12.7,3.19,4.687
2003-11-17,0.0,4.15,4.452
2003-11-18,0.0,3.82,4.23
2003-11-19,0.0,3.84,4.018
2003-11-20,0.0,3.59,3.817
2003-11-21,0.0,3.55,3.627
2003-11-22,0.0,3.59,3.445
2003-11-23,0.0,3.81,3.273
2003-11-24,0.0,4.14,3.109
2003-11-25,0.0,3.81,2.954
2003-11-26,0.0,3.52,2.806
2003-11-27,0.0,4.08,2.666
2003-11-28,0.0,4.14,2.533
2003-11-29,0.0,4.1,2.406
2003-11-30,0.0,4.16,2.286
2003-12-01,0.0,3.9,2.171
2003-12-02,0.0,3.74,2.063
2003-12-03,0.0,3.79,1.96
2003-12-04,13.7,3.6,1.862
2003-12-05,0.0,4.2,1.769
2003-12-06,0.5,4.14,1.68
2003-12-07,0.0,4.07,1.596
2003-12-08,5.2,3.35,1.516
2003-12-09,0.0,3.9,1.441
2003-12-10,0.0,4.65,1.368
2003-12-11,0.0,4.15,1.3
2003-12-12,0.0,4.5,1.235
2003-12-13,3.9,4.01,1.173
2003-12-14,0.0,4.9,1.115
2003-12-15,0.0,4.46,1.059
2003-12-16,0.0,4.63,1.006
2003-12-17,3.8,5.28,0.956
2003-12-18,0.0,5.07,0.908
2003-12-19,0.0,4.56,0.862
2003-12-20,0.0,4.51,0.819
2003-12-21,0.0,4.63,0.778
2003-12-22,0.0,4.92,0.739
2003-12-23,0.0,4.77,0.703
2003-12-24,0.0,4.72,0.667
2003-12-25,0.0,5.32,0.634
2003-12-26,0.0,4.88,0.602
2003-12-27,0.0,5.64,0.572
2003-12-28,0.0,5.02,0.544
2003-12-29,0.0,5.56,0.516
2003-12-30,0.0,5.17,0.491
2003-12-31,0.0,5.39,0.466
2004-01-01,0.0,4.93,0.443
2004-01-02,0.0,4.93,0.421
2004-01-03,0.0,5.36,0.4
2004-01-04,0.0,5.55,0.38
2004-01-05,6.1,5.3,0.361
2004-01-06,0.0,4.94,0.343
2004-01-07,0.0,4.95,0.325
2004-01-08,0.0,4.97,0.309
2004-01-09,0.0,4.9,0.294
2004-01-10,0.0,5.49,0.279
2004-01-11,0.0,5.83,0.265
2004-01-12,0.0,5.53,0.252
2004-01-13,0.0,4.88,0.239
2004-01-14,0.0,5.54,0.227
2004-01-15,0.0,5.58,0.216
2004-01-16,0.0,6.29,0.205
2004-01-17,11.5,5.26,0.195
2004-01-18,0.0,5.61,0.185
2004-01-19,0.0,6.27,0.176
2004-01-20,0.0,5.92,0.167
2004-01-21,0.0,5.99,0.159
2004-01-22,0.0,5.88,0.151
2004-01-23,0.0,5.98,0.143
2004-01-24,0.0,6.14,0.136
2004-01-25,0.0,5.69,0.129
2004-01-26,0.0,6.23,0.123
2004-01-27,11.2,5.58,0.117
2004-01-28,0.0,6.12,0.111
2004-01-29,0.0,6.1,0.105
2004-01-30,0.0,5.89,0.1
2004-01-31,0.0,6.09,0.095
2004-02-01,0.0,5.94,0.09
2004-02-02,0.0,5.83,0.086
2004-02-03,0.0,6.07,0.081
2004-02-04,0.0,5.87,0.077
2004-02-05,0.0,6.32,0.074
2004-02-06,0.0,5.9,0.07
2004-02-07,0.0,6.48,0.066
2004-02-08,0.0,5.94,0.063
2004-02-09,0.0,6.14,0.06
2004-02-10,0.0,6.15,0.057
2004-02-11,0.0,6.75,0.054
2004-02-12,0.0,6.47,0.051
2004-02-13,0.0,6.33,0.049
2004-02-14,0.0,6.56,0.046
2004-02-15,0.0,5.8,0.044
2004-02-16,0.0,6.44,0.042
2004-02-17,0.0,7.07,0.04
2004-02-18,0.0,6.52,0.038
2004-02-19,0.0,6.52,0.036
2004-02-20,0.0,6.68,0.034
2004-02-21,0.0,6.8,0.032
2004-02-22,0.0,5.95,0.031
2004-02-23,0.0,6.05,0.029
2004-02-24,0.0,6.63,0.028
2004-02-25,0.0,6.37,0.026
2004-02-26,0.0,6.99,0.025
2004-02-27,0.0,6.51,0.024
2004-02-28,0.0,6.04,0.023
2004-02-29,0.0,6.25,0.021
2004-03-01,0.0,5.81,0.02
2004-03-02,0.0,6.57,0.019
2004-03-03,0.0,6.6,0.018
2004-03-04,0.0,6.53,0.017
2004-03-05,2.1,6.99,0.017
2004-03-06,0.0,7.03,0.016
2004-03-07,0.0,6.63,0.015
2004-03-08,0.0,6.04,0.014
2004-03-09,0.0,6.87,0.014
2004-03-10,0.0,6.86,0.013
2004-03-11,0.0,6.79,0.012
2004-03-12,0.0,6.99,0.012
2004-03-13,0.0,6.35,0.011
2004-03-14,0.0,7.3,0.01
2004-03-15,0.0,6.41,0.01
2004-03-16,0.0,6.92,0.009
2004-03-17,0.0,6.19,0.009
2004-03-18,0.0,6.42,0.009
2004-03-19,0.0,7.15,0.008
2004-03-20,0.0,6.61,0.008
2004-03-21,0.0,6.94,0.007
2004-03-22,0.0,6.76,0.007
2004-03-23,0.0,6.65,0.007
2004-03-24,0.0,7.08,0.006
2004-03-25,0.0,6.6,0.006
2004-03-26,0.0,6.13,0.006
2004-03-27,0.0,6.41,0.005
2004-03-28,0.0,6.81,0.005
2004-03-29,0.0,6.76,0.005
2004-03-30,0.0,6.16,0.005
2004-03-31,0.0,6.4,0.004
2004-04-01,0.0,6.43,0.004
2004-04-02,0.0,6.49,0.004
2004-04-03,0.0,6.17,0.004
2004-04-04,0.0,6.38,0.004
2004-04-05,0.0,6.34,0.003
2004-04-06,0.0,6.78,0.003
2004-04-07,0.0,6.77,0.003
2004-04-08,0.0,6.47,0.003
2004-04-09,0.0,6.38,0.003
2004-04-10,0.0,6.53,0.003
2004-04-11,0.0,6.22,0.002
2004-04-12,0.0,6.11,0.002
2004-04-13,15.3,6.15,0.002
2004-04-14,0.0,6.22,0.002
2004-04-15,0.0,6.05,0.002
2004-04-16,0.0,6.42,0.002
2004-04-17,0.0,6.57,0.002
2004-04-18,0.0,5.86,0.002
2004-04-19,0.0,6.32,0.002
2004-04-20,0.0,6.23,0.002
2004-04-21,0.0,6.37,0.001
2004-04-22,0.0,6.24,0.001
2004-04-23,0.0,5.79,0.001
2004-04-24,0.0,5.82,0.001
2004-04-25,15.2,6.18,0.001
2004-04-26,0.0,6.46,0.001
2004-04-27,0.0,5.46,0.001
2004-04-28,0.0,6.2,0.001
2004-04-29,0.0,6.43,0.001
2004-04-30,0.0,6.0,0.001
2004-05-01,0.0,6.18,0.001
2004-05-02,18.4,5.78,0.001
2004-05-03,0.0,5.93,0.001
2004-05-04,0.0,5.45,0.001
2004-05-05,0.0,5.2,0.001
2004-05-06,0.0,6.16,0.001
2004-05-07,0.0,5.55,0.001
2004-05-08,0.0,5.68,0.001
2004-05-09,0.0,5.37,0.001
2004-05-10,0.0,5.33,0.001
2004-05-11,0.0,5.67,0.001
2004-05-12,0.0,5.47,0.001
2004-05-13,0.0,5.77,0.0
2004-05-14,0.0,5.76,0.0
2004-05-15,0.0,5.69,0.0
2004-05-16,0.0,5.63,0.0
2004-05-17,0.0,6.0,0.0
2004-05-18,0.0,5.18,0.0
2004-05-19,0.0,5.45,0.0
2004-05-20,5.6,5.77,0.0
2004-05-21,0.0,5.77,0.0
2004-05-22,0.0,4.93,0.0
2004-05-23,0.0,5.23,0.0
2004-05-24,2.5,5.7,0.0
2004-05-25,0.0,5.41,0.0
2004-05-26,0.0,5.28,0.0
2004-05-27,0.0,5.12,0.0
2004-05-28,6.2,5.03,0.0
2004-05-29,0.0,5.2,0.0
2004-05-30,0.0,5.0,0.0
2004-05-31,0.0,5.02,0.0
2004-06-01,0.0,5.02,0.0
2004-06-02,0.0,4.76,0.0
2004-06-03,0.0,5.09,0.0
2004-06-04,0.0,5.76,0.0
2004-06-05,0.0,4.32,0.0
2004-06-06,0.0,4.91,0.0
2004-06-07,0.0,4.55,0.0
2004-06-08,0.0,4.91,0.0
2004-06-09,3.7,4.71,0.0
2004-06-10,4.3,4.89,0.0
2004-06-11,0.0,4.98,0.0
2004-06-12,0.0,4.65,0.0
2004-06-13,0.0,4.89,0.0
2004-06-14,0.0,3.81,0.0
2004-06-15,0.0,4.95,0.0
2004-06-16,0.0,4.55,0.0
2004-06-17,6.2,4.72,0.0
2004-06-18,11.6,3.99,0.0
2004-06-19,0.0,4.07,0.0
2004-06-20,33.8,4.33,0.0
2004-06-21,0.0,4.24,0.0
2004-06-22,0.0,4.29,0.0
2004-06-23,0.0,4.5,0.0
2004-06-24,12.3,3.61,0.0
2004-06-25,0.0,4.39,0.0
2004-06-26,8.1,4.06,0.0
2004-06-27,0.0,3.96,0.0
2004-06-28,5.7,3.55,0.0
2004-06-29,0.0,4.1,0.0
2004-06-30,0.0,3.19,0.0
2004-07-01,42.5,4.07,0.0
2004-07-02,7.2,3.39,0.0
2004-07-03,0.0,3.82,0.0
2004-07-04,22.7,3.73,0.0
2004-07-05,37.7,4.08,0.0
2004-07-06,18.8,3.64,0.0
2004-07-07,0.0,3.45,0.0
2004-07-08,0.0,3.48,0.0
2004-07-09,22.8,3.98,0.0
2004-07-10,0.0,3.72,0.0
2004-07-11,45.8,3.41,144.186
2004-07-12,24.6,3.42,102.44
2004-07-13,52.9,2.99,226.746
2004-07-14,8.4,3.54,70.182
2004-07-15,38.8,2.86,194.152
2004-07-16,0.0,3.58,65.892
2004-07-17,35.7,3.37,177.617
2004-07-18,0.0,4.01,73.72
2004-07-19,19.1,2.93,118.803
2004-07-20,24.4,3.2,157.228
2004-07-21,12.6,3.74,114.815
2004-07-22,0.0,3.53,79.848
2004-07-23,0.0,2.93,75.856
2004-07-24,33.0,3.18,165.899
2004-07-25,20.1,3.08,148.049
2004-07-26,6.1,3.14,96.324
2004-07-27,0.0,2.82,81.744
2004-07-28,21.5,2.97,140.539
2004-07-29,0.0,2.49,81.566
2004-07-30,0.3,2.98,77.487
2004-07-31,10.9,3.05,84.733
2004-08-01,0.0,2.82,71.31
2004-08-02,25.7,2.38,149.724
2004-08-03,25.0,3.14,161.804
2004-08-04,0.0,2.93,81.606
2004-08-05,35.6,2.57,197.854
2004-08-06,8.5,2.68,111.799
2004-08-07,6.6,2.29,104.222
2004-08-08,64.1,2.41,331.125
2004-08-09,0.0,2.54,111.078
2004-08-10,3.2,3.05,105.524
2004-08-11,0.0,2.47,100.247
2004-08-12,0.0,2.83,95.235
2004-08-13,0.0,2.46,90.473
2004-08-14,0.0,2.67,85.95
2004-08-15,0.0,2.54,81.652
2004-08-16,0.0,2.82,77.57
2004-08-17,8.7,2.38,73.691
2004-08-18,2.3,2.05,70.007
2004-08-19,0.0,2.1,66.506
2004-08-20,42.2,2.33,172.397
2004-08-21,0.0,2.1,73.555
2004-08-22,14.7,2.59,109.947
2004-08-23,0.0,2.31,71.349
2004-08-24,28.7,3.15,160.712
2004-08-25,0.0,1.9,75.907
2004-08-26,37.7,2.47,205.286
2004-08-27,24.0,2.06,172.616
2004-08-28,0.0,2.24,91.614
2004-08-29,0.0,2.42,87.033
2004-08-30,0.0,1.67,82.681
2004-08-31,0.0,2.43,78.547
2004-09-01,4.9,2.92,74.62
2004-09-02,0.0,2.21,70.889
2004-09-03,20.6,2.41,105.695
2004-09-04,0.0,2.64,68.729
2004-09-05,0.0,2.27,65.293
2004-09-06,3.6,2.14,62.028
2004-09-07,0.0,1.63,58.927
2004-09-08,0.0,2.5,55.981
2004-09-09,4.3,2.27,53.182
2004-09-10,0.0,2.0,50.522
2004-09-11,0.0,2.34,47.996
2004-09-12,11.0,2.13,45.597
2004-09-13,0.0,2.14,43.317
2004-09-14,13.4,2.48,74.081
2004-09-15,2.3,1.9,44.771
2004-09-16,0.0,2.62,41.213
2004-09-17,2.7,1.88,39.152
2004-09-18,6.7,2.11,48.493
2004-09-19,0.0,2.89,36.735
2004-09-20,13.1,2.65,65.225
2004-09-21,0.0,2.35,36.911
2004-09-22,0.0,2.04,35.066
2004-09-23,7.0,2.17,35.328
2004-09-24,0.0,2.36,31.897
2004-09-25,15.8,2.35,74.685
2004-09-26,0.0,2.32,34.286
2004-09-27,10.8,2.35,57.148
2004-09-28,0.0,2.3,33.989
2004-09-29,2.0,1.94,32.289
2004-09-30,0.0,2.23,30.675
2004-10-01,16.6,2.67,67.301
2004-10-02,1.1,2.0,32.413
2004-10-03,0.0,2.36,30.792
2004-10-04,0.0,2.19,29.252
2004-10-05,0.0,2.48,27.79
2004-10-06,0.9,2.34,26.4
2004-10-07,10.3,2.92,25.08
2004-10-08,0.0,2.64,23.826
2004-10-09,0.0,2.11,22.635
2004-10-10,0.0,2.72,21.503
2004-10-11,0.0,2.31,20.428
2004-10-12,0.0,2.38,19.407
2004-10-13,1.8,2.67,18.436
2004-10-14,0.0,2.45,17.514
2004-10-15,0.0,2.88,16.639
2004-10-16,0.0,2.4,15.807
2004-10-17,0.0,2.47,15.016
2004-10-18,0.0,2.48,14.266
2004-10-19,0.0,2.53,13.552
2004-10-20,0.0,3.05,12.875
2004-10-21,0.0,2.93,12.231
2004-10-22,0.0,3.28,11.619
2004-10-23,0.0,3.47,11.038
2004-10-24,3.7,2.5,10.487
2004-10-25,0.0,2.86,9.962
2004-10-26,0.0,2.51,9.464
2004-10-27,0.0,2.65,8.991
2004-10-28,0.0,2.72,8.541
2004-10-29,0.0,2.62,8.114
2004-10-30,0.0,2.65,7.709
2004-10-31,0.0,2.95,7.323
2004-11-01,0.0,2.65,6.957
2004-11-02,0.0,3.3,6.609
2004-11-03,0.0,2.8,6.279
2004-11-04,0.0,3.95,5.965
2004-11-05,0.0,3.0,5.667
2004-11-06,0.0,3.19,5.383
2004-11-07,0.0,2.81,5.114
2004-11-08,0.0,3.74,4.858
2004-11-09,0.0,3.59,4.615
2004-11-10,0.0,3.38,4.385
2004-11-11,0.0,2.92,4.165
2004-11-12,0.0,3.41,3.957
2004-11-13,0.0,3.05,3.759
2004-11-14,0.0,3.86,3.571
2004-11-15,0.0,3.69,3.393
2004-11-16,0.0,3.51,3.223
2004-11-17,0.0,2.79,3.062
2004-11-18,0.0,3.26,2.909
2004-11-19,0.0,3.79,2.763
2004-11-20,0.0,3.98,2.625
2004-11-21,0.0,3.99,2.494
2004-11-22,0.0,3.21,2.369
2004-11-23,0.0,3.82,2.251
2004-11-24,0.0,4.06,2.138
2004-11-25,0.0,3.3,2.031
2004-11-26,0.0,3.83,1.93
2004-11-27,0.0,3.95,1.833
2004-11-28,0.0,3.81,1.742
2004-11-29,0.0,3.39,1.655
2004-11-30,0.0,3.88,1.572
2004-12-01,0.0,3.92,1.493
2004-12-02,0.0,4.01,1.419
2004-12-03,0.0,3.92,1.348
2004-12-04,10.6,3.99,1.28
2004-12-05,0.0,4.15,1.216
2004-12-06,0.0,4.33,1.155
2004-12-07,0.0,4.15,1.098
2004-12-08,0.0,4.15,1.043
2004-12-09,0.0,4.34,0.991
2004-12-10,0.0,3.77,0.941
2004-12-11,0.0,4.53,0.894
2004-12-12,0.0,4.43,0.849
2004-12-13,0.0,4.48,0.807
2004-12-14,0.0,4.79,0.767
2004-12-15,0.0,3.95,0.728
2004-12-16,0.0,3.99,0.692
2004-12-17,0.0,4.7,0.657
2004-12-18,0.0,4.65,0.624
2004-12-19,0.0,4.74,0.593
2004-12-20,0.0,4.59,0.563
2004-12-21,0.0,4.97,0.535
2004-12-22,0.0,5.08,0.509
2004-12-23,0.0,4.99,0.483
2004-12-24,0.0,4.8,0.459
2004-12-25,0.0,4.28,0.436
2004-12-26,0.0,5.18,0.414
2004-12-27,0.0,5.36,0.393
2004-12-28,0.0,5.22,0.374
2004-12-29,0.0,4.8,0.355
2004-12-30,0.0,5.3,0.337
2004-12-31,0.0,5.39,0.321
2005-01-01,0.0,5.61,0.304
2005-01-02,0.0,4.92,0.289
2005-01-03,0.0,5.15,0.275
2005-01-04,0.0,5.48,0.261
2005-01-05,6.7,5.31,0.248
2005-01-06,0.0,4.99,0.236
2005-01-07,0.0,5.48,0.224
2005-01-08,0.0,5.57,0.213
2005-01-09,0.0,5.45,0.202
2005-01-10,0.0,5.53,0.192
2005-01-11,0.0,5.42,0.182
2005-01-12,0.0,5.97,0.173
2005-01-13,0.0,5.29,0.165
2005-01-14,0.0,5.42,0.156
2005-01-15,0.0,5.63,0.148
2005-01-16,0.0,5.92,0.141
2005-01-17,0.0,5.24,0.134
2005-01-18,0.0,5.33,0.127
2005-01-19,0.0,5.14,0.121
2005-01-20,0.0,5.8,0.115
2005-01-21,0.0,5.48,0.109
2005-01-22,0.0,5.73,0.104
2005-01-23,0.0,6.08,0.099
2005-01-24,0.0,5.71,0.094
2005-01-25,0.0,6.0,0.089
2005-01-26,0.0,5.87,0.084
2005-01-27,6.6,6.19,0.08
2005-01-28,0.0,6.16,0.076
2005-01-29,0.0,5.84,0.072
2005-01-30,0.0,6.02,0.069
2005-01-31,0.0,6.41,0.065
2005-02-01,0.0,6.24,0.062
2005-02-02,0.0,5.73,0.059
2005-02-03,0.0,6.37,0.056
2005-02-04,0.0,5.87,0.053
2005-02-05,0.0,6.65,0.051
2005-02-06,0.0,6.55,0.048
2005-02-07,0.0,6.36,0.046
2005-02-08,0.0,6.34,0.043
2005-02-09,0.0,6.25,0.041
2005-02-10,0.0,6.54,0.039
2005-02-11,0.0,6.24,0.037
2005-02-12,0.0,6.45,0.035
2005-02-13,12.4,6.66,0.034
2005-02-14,0.0,6.24,0.032
2005-02-15,0.0,6.25,0.03
2005-02-16,0.0,6.09,0.029
2005-02-17,0.0,6.15,0.027
2005-02-18,0.0,5.94,0.026
2005-02-19,0.0,6.72,0.025
2005-02-20,0.0,7.06,0.023
2005-02-21,0.0,6.96,0.022
2005-02-22,0.0,6.06,0.021
2005-02-23,0.0,6.78,0.02
2005-02-24,0.0,7.0,0.019
2005-02-25,0.0,6.45,0.018
2005-02-26,0.0,6.63,0.017
2005-02-27,2.9,6.0,0.016
2005-02-28,0.0,6.7,0.016
2005-03-01,0.0,6.31,0.015
2005-03-02,0.0,6.7,0.014
2005-03-03,0.0,6.18,0.013
2005-03-04,0.0,6.82,0.013
2005-03-05,0.0,6.97,0.012
2005-03-06,0.0,6.43,0.011
2005-03-07,0.0,6.33,0.011
2005-03-08,0.0,6.03,0.01
2005-03-09,0.0,6.6,0.01
2005-03-10,0.0,6.51,0.009
2005-03-11,0.0,6.23,0.009
2005-03-12,0.0,6.83,0.008
2005-03-13,8.1,6.56,0.008
2005-03-14,0.0,6.38,0.008
2005-03-15,0.0,6.53,0.007
2005-03-16,0.0,7.02,0.007
2005-03-17,0.0,6.88,0.006
2005-03-18,0.0,6.66,0.006
2005-03-19,0.0,6.88,0.006
2005-03-20,0.0,6.35,0.006
2005-03-21,0.0,6.7,0.005
2005-03-22,0.0,6.73,0.005
2005-03-23,0.0,6.54,0.005
2005-03-24,0.0,6.81,0.005
2005-03-25,0.0,6.44,0.004
2005-03-26,0.0,6.82,0.004
2005-03-27,0.0,6.83,0.004
2005-03-28,0.0,5.78,0.004
2005-03-29,0.0,7.0,0.004
2005-03-30,0.0,5.72,0.003
2005-03-31,0.0,6.44,0.003
2005-04-01,0.0,6.92,0.003
2005-04-02,0.0,6.51,0.003
2005-04-03,0.0,6.16,0.003
2005-04-04,0.0,6.26,0.003
2005-04-05,5.6,6.88,0.002
2005-04-06,0.0,5.98,0.002
2005-04-07,0.0,6.88,0.002
2005-04-08,0.0,6.51,0.002
2005-04-09,0.0,6.16,0.002
2005-04-10,0.0,6.32,0.002
2005-04-11,0.0,6.18,0.002
2005-04-12,0.0,6.73,0.002
2005-04-13,0.0,6.67,0.002
2005-04-14,0.0,5.92,0.002
2005-04-15,0.0,6.29,0.001
2005-04-16,0.0,6.14,0.001
2005-04-17,0.0,6.76,0.001
2005-04-18,0.0,5.95,0.001
2005-04-19,0.0,6.82,0.001
2005-04-20,0.0,6.3,0.001
2005-04-21,0.0,5.94,0.001
2005-04-22,0.0,6.07,0.001
2005-04-23,0.0,6.01,0.001
2005-04-24,0.0,5.84,0.001
2005-04-25,0.0,6.23,0.001
2005-04-26,0.0,5.81,0.001
2005-04-27,0.0,5.5,0.001
2005-04-28,0.0,6.01,0.001
2005-04-29,12.5,5.56,0.001
2005-04-30,0.0,5.85,0.001
2005-05-01,0.0,5.77,0.001
2005-05-02,0.0,5.76,0.001
2005-05-03,0.0,6.59,0.001
2005-05-04,0.0,5.98,0.001
2005-05-05,0.0,6.01,0.001
2005-05-06,0.0,5.37,0.001
2005-05-07,0.0,5.68,0.0
2005-05-08,0.0,5.91,0.0
2005-05-09,0.0,5.51,0.0
2005-05-10,3.2,6.06,0.0
2005-05-11,0.0,5.39,0.0
2005-05-12,0.0,5.64,0.0
2005-05-13,4.9,5.52,0.0
2005-05-14,0.0,5.71,0.0
2005-05-15,9.6,5.44,0.0
2005-05-16,14.8,5.51,0.0
2005-05-17,0.0,5.49,0.0
2005-05-18,0.0,5.31,0.0
2005-05-19,0.0,5.64,0.0
2005-05-20,0.0,5.53,0.0
2005-05-21,0.0,5.4,0.0
2005-05-22,14.6,5.26,0.0
2005-05-23,0.0,5.6,0.0
2005-05-24,0.0,5.25,0.0
2005-05-25,0.0,5.2,0.0
2005-05-26,0.0,5.28,0.0
2005-05-27,0.0,5.73,0.0
2005-05-28,1.0,4.78,0.0
2005-05-29,0.2,5.38,0.0
2005-05-30,0.0,4.54,0.0
2005-05-31,0.0,5.14,0.0
2005-06-01,6.4,5.51,0.0
2005-06-02,37.0,5.15,0.0
2005-06-03,0.0,5.01,0.0
2005-06-04,35.2,4.76,0.0
2005-06-05,8.1,4.9,0.0
2005-06-06,0.0,4.78,0.0
2005-06-07,0.0,4.58,0.0
2005-06-08,0.0,4.69,0.0
2005-06-09,0.0,4.8,0.0
2005-06-10,1.5,4.47,0.0
2005-06-11,0.0,4.42,0.0
2005-06-12,16.1,4.22,0.0
2005-06-13,5.4,4.7,0.0
2005-06-14,0.0,4.71,0.0
2005-06-15,0.0,4.58,0.0
2005-06-16,0.0,4.76,0.0
2005-06-17,7.5,4.46,0.0
2005-06-18,0.0,4.52,0.0
2005-06-19,0.0,4.45,0.0
2005-06-20,0.0,4.3,0.0
2005-06-21,0.0,4.13,0.0
2005-06-22,1.7,4.91,0.0
2005-06-23,0.0,4.07,0.0
2005-06-24,0.0,3.97,0.0
2005-06-25,0.0,4.27,0.0
2005-06-26,0.0,4.17,0.0
2005-06-27,0.0,3.64,0.0
2005-06-28,7.2,4.36,0.0
2005-06-29,1.6,3.96,0.0
2005-06-30,0.0,3.62,0.0
2005-07-01,0.0,4.27,0.0
2005-07-02,0.0,4.06,0.0
2005-07-03,19.5,3.46,0.0
2005-07-04,14.7,4.34,0.0
2005-07-05,0.0,3.97,0.0
2005-07-06,0.0,3.73,0.0
2005-07-07,10.8,4.18,0.0
2005-07-08,0.0,3.71,0.0
2005-07-09,64.9,3.62,0.0
2005-07-10,0.0,3.4,0.0
2005-07-11,27.6,3.73,0.0
2005-07-12,9.1,3.67,12.878
2005-07-13,0.8,3.5,1.596
2005-07-14,0.0,3.22,1.516
2005-07-15,0.0,3.46,1.44
2005-07-16,0.0,3.37,1.368
2005-07-17,14.6,2.96,1.3
2005-07-18,3.7,2.89,1.835
2005-07-19,5.4,3.46,8.994
2005-07-20,0.0,2.48,2.145
2005-07-21,0.4,3.29,2.038
2005-07-22,0.0,3.06,1.936
2005-07-23,0.0,3.56,1.839
2005-07-24,0.0,2.99,1.747
2005-07-25,24.0,3.31,26.955
2005-07-26,0.0,2.96,4.711
2005-07-27,6.5,3.09,6.438
2005-07-28,10.2,3.25,32.247
2005-07-29,0.0,2.86,7.709
2005-07-30,0.0,3.27,7.324
2005-07-31,0.0,2.65,6.957
2005-08-01,9.5,3.01,6.61
2005-08-02,0.0,3.17,6.279
2005-08-03,0.0,3.06,5.965
2005-08-04,18.8,3.42,34.91
2005-08-05,0.0,2.59,9.007
2005-08-06,1.6,2.38,8.557
2005-08-07,0.0,2.47,8.129
2005-08-08,0.0,2.94,7.722
2005-08-09,0.0,2.87,7.336
2005-08-10,0.0,2.73,6.97
2005-08-11,0.8,2.34,6.621
2005-08-12,0.0,2.89,6.29
2005-08-13,0.0,2.27,5.976
2005-08-14,52.1,2.97,122.497
2005-08-15,20.0,3.46,85.914
2005-08-16,0.0,2.69,27.059
2005-08-17,0.0,2.74,25.706
2005-08-18,0.0,2.4,24.421
2005-08-19,0.0,1.98,23.2
2005-08-20,0.0,2.33,22.04
2005-08-21,24.1,2.17,61.552
2005-08-22,30.0,2.05,136.529
2005-08-23,0.0,2.98,37.507
2005-08-24,0.0,2.53,35.631
2005-08-25,0.0,2.55,33.85
2005-08-26,0.0,2.33,32.157
2005-08-27,0.0,2.36,30.549
2005-08-28,0.0,2.69,29.022
2005-08-29,0.0,2.38,27.571
2005-08-30,39.3,2.54,105.035
2005-08-31,0.0,2.31,34.652
2005-09-01,0.0,2.26,32.92
2005-09-02,3.2,1.93,31.274
2005-09-03,0.0,1.75,29.71
2005-09-04,0.0,2.26,28.225
2005-09-05,0.0,2.35,26.813
2005-09-06,0.0,1.94,25.473
2005-09-07,3.7,2.31,24.199
2005-09-08,8.4,2.33,22.989
2005-09-09,10.4,1.66,42.403
2005-09-10,0.0,2.03,23.296
2005-09-11,0.0,2.43,22.131
2005-09-12,0.0,2.42,21.024
2005-09-13,0.0,1.95,19.973
2005-09-14,18.3,2.35,48.301
2005-09-15,0.0,2.61,21.66
2005-09-16,3.4,2.53,20.577
2005-09-17,0.0,2.27,19.548
2005-09-18,26.0,2.16,98.098
2005-09-19,0.0,2.12,27.497
2005-09-20,0.0,2.45,26.122
2005-09-21,0.0,2.37,24.816
2005-09-22,41.7,2.51,152.954
2005-09-23,0.0,2.36,38.428
2005-09-24,0.0,2.57,36.506
2005-09-25,0.0,2.36,34.681
2005-09-26,46.5,2.58,179.87
2005-09-27,0.0,2.61,49.505
2005-09-28,0.0,2.12,47.03
2005-09-29,0.0,1.82,44.679
2005-09-30,9.9,2.84,45.071
2005-10-01,0.0,2.46,40.648
2005-10-02,0.0,1.88,38.616
2005-10-03,0.0,2.19,36.685
2005-10-04,0.0,2.65,34.851
2005-10-05,0.0,2.35,33.108
2005-10-06,0.0,2.29,31.453
2005-10-07,0.0,2.88,29.88
2005-10-08,0.0,2.16,28.386
2005-10-09,27.9,2.25,57.581
2005-10-10,0.0,2.57,29.412
2005-10-11,0.0,2.64,27.941
2005-10-12,0.0,2.69,26.544
2005-10-13,35.7,2.83,125.701
2005-10-14,0.0,2.63,36.407
2005-10-15,14.1,2.74,69.577
2005-10-16,0.0,2.53,37.193
2005-10-17,0.0,2.65,35.334
2005-10-18,0.0,2.68,33.567
2005-10-19,0.0,2.74,31.889
2005-10-20,0.0,2.93,30.294
2005-10-21,0.0,2.88,28.78
2005-10-22,4.9,2.75,27.341
2005-10-23,0.0,2.52,25.974
2005-10-24,0.0,2.81,24.675
2005-10-25,0.0,2.8,23.441
2005-10-26,0.0,2.89,22.269
2005-10-27,0.0,3.52,21.156
2005-10-28,0.0,2.73,20.098
2005-10-29,0.0,3.04,19.093
2005-10-30,0.0,3.26,18.138
2005-10-31,0.0,2.99,17.231
2005-11-01,0.0,3.69,16.37
2005-11-02,0.0,2.91,15.551
2005-11-03,0.0,3.14,14.774
2005-11-04,0.0,2.84,14.035
2005-11-05,0.0,3.0,13.333
2005-11-06,0.0,3.21,12.667
2005-11-07,0.0,3.42,12.033
2005-11-08,0.0,3.29,11.432
2005-11-09,0.0,3.6,10.86
2005-11-10,0.0,3.23,10.317
2005-11-11,0.0,3.19,9.801
2005-11-12,0.0,4.13,9.311
2005-11-13,0.0,3.47,8.846
2005-11-14,0.0,3.17,8.403
2005-11-15,1.8,3.21,7.983
2005-11-16,0.0,3.17,7.584
2005-11-17,0.0,3.76,7.205
2005-11-18,0.0,3.41,6.845
2005-11-19,0.0,3.59,6.502
2005-11-20,0.0,3.57,6.177
2005-11-21,0.0,3.84,5.868
2005-11-22,0.0,3.4,5.575
2005-11-23,0.0,3.37,5.296
2005-11-24,17.6,3.79,5.031
2005-11-25,0.0,3.94,4.78
2005-11-26,0.0,3.9,4.541
2005-11-27,0.0,3.59,4.314
2005-11-28,0.0,4.07,4.098
2005-11-29,0.0,3.68,3.893
2005-11-30,0.0,3.78,3.699
2005-12-01,7.4,3.69,3.514
2005-12-02,0.0,4.4,3.338
2005-12-03,0.0,4.24,3.171
2005-12-04,0.0,4.27,3.012
2005-12-05,0.0,4.5,2.862
2005-12-06,0.0,5.01,2.719
2005-12-07,0.0,3.69,2.583
2005-12-08,0.0,4.02,2.454
2005-12-09,0.0,4.09,2.331
2005-12-10,0.0,4.06,2.214
2005-12-11,0.0,4.03,2.104
2005-12-12,0.0,4.3,1.999
2005-12-13,0.0,4.06,1.899
2005-12-14,0.0,4.57,1.804
2005-12-15,0.0,4.52,1.713
2005-12-16,0.0,4.68,1.628
2005-12-17,0.0,4.73,1.546
2005-12-18,0.0,4.8,1.469
2005-12-19,0.0,4.54,1.396
2005-12-20,0.0,5.33,1.326
2005-12-21,14.1,4.8,1.26
2005-12-22,0.0,4.21,1.197
2005-12-23,0.0,4.5,1.137
2005-12-24,0.0,4.32,1.08
2005-12-25,0.0,4.88,1.026
2005-12-26,0.0,4.88,0.975
2005-12-27,0.0,4.81,0.926
2005-12-28,0.0,5.59,0.88
2005-12-29,2.6,5.19,0.836
2005-12-30,0.0,5.28,0.794
2005-12-31,0.0,4.82,0.754
2006-01-01,0.0,4.85,0.716
2006-01-02,0.0,5.19,0.681
2006-01-03,0.0,5.27,0.647
2006-01-04,0.0,4.7,0.614
2006-01-05,0.0,5.23,0.584
2006-01-06,0.0,5.33,0.554
2006-01-07,0.0,5.29,0.527
2006-01-08,0.0,5.15,0.5
2006-01-09,0.0,5.27,0.475
2006-01-10,0.0,5.41,0.452
2006-01-11,0.0,5.52,0.429
2006-01-12,0.0,5.71,0.408
2006-01-13,5.9,5.89,0.387
2006-01-14,0.0,5.51,0.368
2006-01-15,0.0,5.49,0.349
2006-01-16,0.0,5.79,0.332
2006-01-17,0.0,5.88,0.315
2006-01-18,0.0,5.59,0.3
2006-01-19,0.0,5.99,0.285
2006-01-20,0.0,6.08,0.27
2006-01-21,0.0,6.2,0.257
2006-01-22,0.7,6.38,0.244
2006-01-23,0.0,5.62,0.232
2006-01-24,0.0,5.91,0.22
2006-01-25,0.0,5.94,0.209
2006-01-26,0.0,5.93,0.199
2006-01-27,0.0,5.8,0.189
2006-01-28,0.0,5.57,0.179
2006-01-29,2.6,6.07,0.17
2006-01-30,0.0,5.84,0.162
2006-01-31,0.0,6.13,0.154
2006-02-01,0.0,5.89,0.146
2006-02-02,0.0,5.82,0.139
2006-02-03,0.0,6.25,0.132
2006-02-04,0.0,6.24,0.125
2006-02-05,0.0,6.4,0.119
2006-02-06,0.0,6.9,0.113
2006-02-07,0.0,6.35,0.107
2006-02-08,0.0,6.44,0.102
2006-02-09,7.9,5.99,0.097
2006-02-10,0.0,5.95,0.092
2006-02-11,0.0,6.83,0.087
2006-02-12,0.0,6.1,0.083
2006-02-13,0.0,6.08,0.079
2006-02-14,0.0,6.4,0.075
2006-02-15,0.0,6.4,0.071
2006-02-16,0.0,6.18,0.068
2006-02-17,0.0,6.38,0.064
2006-02-18,0.0,6.85,0.061
2006-02-19,0.0,6.26,0.058
2006-02-20,0.0,6.1,0.055
2006-02-21,0.0,6.81,0.052
2006-02-22,0.0,6.69,0.05
2006-02-23,0.0,6.37,0.047
2006-02-24,44.8,6.1,0.045
2006-02-25,0.0,6.36,0.043
2006-02-26,0.0,6.58,0.041
2006-02-27,0.0,6.96,0.038
2006-02-28,0.0,6.31,0.037
2006-03-01,0.0,6.6,0.035
2006-03-02,0.0,6.84,0.033
2006-03-03,0.0,5.93,0.031
2006-03-04,0.0,6.96,0.03
2006-03-05,0.0,6.31,0.028
2006-03-06,0.0,6.77,0.027
2006-03-07,0.0,6.75,0.026
2006-03-08,0.0,7.0,0.024
2006-03-09,0.0,6.85,0.023
2006-03-10,0.0,5.98,0.022
2006-03-11,0.0,6.46,0.021
2006-03-12,0.0,6.74,0.02
2006-03-13,0.0,6.64,0.019
2006-03-14,0.0,6.84,0.018
2006-03-15,0.0,6.94,0.017
2006-03-16,0.0,6.88,0.016
2006-03-17,0.0,6.64,0.015
2006-03-18,0.0,6.14,0.015
2006-03-19,0.0,6.56,0.014
2006-03-20,0.0,6.82,0.013
2006-03-21,0.0,6.36,0.012
2006-03-22,10.9,6.88,0.012
2006-03-23,0.0,6.96,0.011
2006-03-24,0.0,6.72,0.011
2006-03-25,0.0,5.75,0.01
2006-03-26,0.0,6.28,0.01
2006-03-27,0.0,7.23,0.009
2006-03-28,0.0,6.49,0.009
2006-03-29,0.0,6.05,0.008
2006-03-30,0.0,7.01,0.008
2006-03-31,0.0,6.63,0.007
2006-04-01,0.0,6.95,0.007
2006-04-02,0.0,6.69,0.007
2006-04-03,0.0,6.73,0.006
2006-04-04,0.0,6.69,0.006
2006-04-05,0.0,6.78,0.006
2006-04-06,0.0,7.24,0.005
2006-04-07,0.0,6.84,0.005
2006-04-08,0.0,6.06,0.005
2006-04-09,0.0,6.65,0.005
2006-04-10,0.0,6.84,0.004
2006-04-11,0.0,6.84,0.004
2006-04-12,0.7,6.34,0.004
2006-04-13,0.0,6.8,0.004
2006-04-14,0.0,6.71,0.004
2006-04-15,0.0,7.19,0.003
2006-04-16,0.0,6.17,0.003
2006-04-17,0.0,6.22,0.003
2006-04-18,0.0,6.26,0.003
2006-04-19,0.0,6.19,0.003
2006-04-20,5.6,6.05,0.003
2006-04-21,0.0,5.46,0.003
2006-04-22,0.0,6.14,0.002
2006-04-23,0.0,6.36,0.002
2006-04-24,0.0,6.08,0.002
2006-04-25,0.0,6.78,0.002
2006-04-26,0.0,6.18,0.002
2006-04-27,0.0,6.54,0.002
2006-04-28,0.0,6.2,0.002
2006-04-29,0.0,6.35,0.002
2006-04-30,0.0,6.16,0.002
2006-05-01,0.0,6.46,0.002
2006-05-02,0.0,6.04,0.001
2006-05-03,10.4,6.14,0.001
2006-05-04,12.0,6.07,0.001
2006-05-05,0.0,5.85,0.001
2006-05-06,0.0,6.03,0.001
2006-05-07,0.0,6.55,0.001
2006-05-08,0.0,5.77,0.001
2006-05-09,0.0,5.94,0.001
2006-05-10,0.0,6.16,0.001
2006-05-11,0.0,6.1,0.001
2006-05-12,0.0,5.73,0.001
2006-05-13,0.0,4.98,0.001
2006-05-14,0.0,5.82,0.001
2006-05-15,0.0,4.96,0.001
2006-05-16,0.0,6.04,0.001
2006-05-17,0.0,5.61,0.001
2006-05-18,2.0,5.83,0.001
2006-05-19,0.0,5.23,0.001
2006-05-20,13.0,5.0,0.001
2006-05-21,2.7,5.51,0.001
2006-05-22,8.8,5.38,0.001
2006-05-23,0.0,5.21,0.0
2006-05-24,0.0,5.35,0.0
2006-05-25,0.0,6.12,0.0
2006-05-26,0.0,5.5,0.0
2006-05-27,7.9,5.53,0.0
2006-05-28,0.0,5.43,0.0
2006-05-29,13.3,5.59,0.0
2006-05-30,1.7,5.05,0.0
2006-05-31,0.0,4.46,0.0
2006-06-01,11.9,4.98,0.0
2006-06-02,9.5,5.24,0.0
2006-06-03,0.0,4.67,0.0
2006-06-04,0.0,4.87,0.0
2006-06-05,3.2,4.68,0.0
2006-06-06,0.0,5.3,0.0
2006-06-07,0.0,5.04,0.0
2006-06-08,26.1,4.97,0.0
2006-06-09,88.4,4.92,0.0
2006-06-10,0.0,4.69,0.0
2006-06-11,0.0,4.72,0.0
2006-06-12,0.0,4.27,0.0
2006-06-13,0.0,3.93,0.0
2006-06-14,36.6,4.59,0.0
2006-06-15,0.0,4.61,0.0
2006-06-16,0.0,4.84,0.0
2006-06-17,19.0,4.91,0.0
2006-06-18,0.0,4.87,0.0
2006-06-19,21.6,4.06,10.421
2006-06-20,0.0,4.22,1.291
2006-06-21,0.0,4.43,1.227
2006-06-22,0.0,5.01,1.165
2006-06-23,0.0,4.65,1.107
2006-06-24,0.0,4.51,1.052
2006-06-25,12.0,4.02,0.999
2006-06-26,11.1,3.83,0.949
2006-06-27,0.0,4.3,0.902
2006-06-28,13.9,3.69,1.617
2006-06-29,37.3,3.92,134.196
2006-06-30,8.2,3.92,34.469
2006-07-01,0.0,4.39,18.628
2006-07-02,22.6,3.77,75.656
2006-07-03,0.0,3.11,23.993
2006-07-04,53.6,3.96,208.814
2006-07-05,7.4,3.56,60.038
2006-07-06,0.0,3.75,44.369
2006-07-07,12.1,3.67,61.088
2006-07-08,10.3,3.58,69.223
2006-07-09,1.7,3.87,43.595
2006-07-10,0.0,3.13,41.415
2006-07-11,9.5,3.4,42.988
2006-07-12,47.4,3.73,212.206
2006-07-13,17.0,3.31,112.21
2006-07-14,6.6,2.98,75.896
2006-07-15,15.2,3.63,106.36
2006-07-16,0.0,3.73,62.877
2006-07-17,25.9,3.35,135.109
2006-07-18,16.0,2.74,119.035
2006-07-19,0.0,3.51,69.343
2006-07-20,0.0,2.77,65.876
2006-07-21,9.6,3.33,63.096
2006-07-22,6.7,2.94,74.531
2006-07-23,11.2,2.82,91.863
2006-07-24,0.0,3.01,59.628
2006-07-25,19.6,3.06,110.84
2006-07-26,25.7,2.89,151.611
2006-07-27,17.3,3.23,124.971
2006-07-28,18.3,2.89,133.844
2006-07-29,17.6,3.29,133.461
2006-07-30,10.2,3.05,108.135
2006-07-31,0.0,2.73,79.143
2006-08-01,0.0,2.66,75.186
2006-08-02,0.0,2.4,71.427
2006-08-03,0.0,2.95,67.856
2006-08-04,17.9,2.73,83.452
2006-08-05,0.0,2.1,63.593
2006-08-06,0.0,2.63,60.413
2006-08-07,0.0,2.5,57.392
2006-08-08,0.0,3.22,54.523
2006-08-09,7.0,2.21,51.797
2006-08-10,9.5,2.27,56.841
2006-08-11,44.2,3.01,212.166
2006-08-12,7.0,3.06,81.421
2006-08-13,30.5,2.41,176.518
2006-08-14,17.8,2.43,136.408
2006-08-15,8.9,2.78,103.325
2006-08-16,0.0,1.88,77.971
2006-08-17,0.0,2.0,74.073
2006-08-18,0.0,2.46,70.369
2006-08-19,1.5,2.99,66.851
2006-08-20,0.0,2.38,63.508
2006-08-21,0.0,2.52,60.333
2006-08-22,0.0,2.82,57.316
2006-08-23,0.0,3.1,54.45
2006-08-24,0.0,2.28,51.728
2006-08-25,11.2,2.43,49.141
2006-08-26,0.0,2.97,46.684
2006-08-27,0.0,1.96,44.35
2006-08-28,3.0,2.71,42.133
2006-08-29,21.5,2.08,57.399
2006-08-30,29.1,2.41,146.752
2006-08-31,11.6,2.3,88.51
2006-09-01,0.0,2.07,53.407
2006-09-02,0.0,2.06,50.737
2006-09-03,14.8,2.43,81.362
2006-09-04,1.1,2.64,49.899
2006-09-05,0.0,2.29,47.404
2006-09-06,11.7,2.35,67.302
2006-09-07,0.0,2.49,45.542
2006-09-08,0.0,2.02,43.265
2006-09-09,0.0,2.53,41.101
2006-09-10,8.1,2.55,39.046
2006-09-11,0.0,3.09,37.094
2006-09-12,0.0,2.19,35.239
2006-09-13,32.0,2.16,126.724
2006-09-14,0.0,2.53,43.358
2006-09-15,0.0,2.55,41.19
2006-09-16,0.0,2.14,39.131
2006-09-17,5.5,2.18,37.174
2006-09-18,28.9,2.47,126.043
2006-09-19,0.0,2.06,44.792
2006-09-20,7.3,2.19,54.813
2006-09-21,0.0,2.34,41.944
2006-09-22,0.0,2.62,39.847
2006-09-23,35.5,2.14,151.56
2006-09-24,0.0,1.78,50.051
2006-09-25,0.0,1.76,47.549
2006-09-26,0.0,1.96,45.171
2006-09-27,0.0,1.96,42.913
2006-09-28,0.0,2.31,40.767
2006-09-29,15.2,2.01,53.42
2006-09-30,10.2,2.17,70.677
2006-10-01,0.0,2.15,40.655
2006-10-02,0.0,2.27,38.623
2006-10-03,0.0,2.81,36.691
2006-10-04,8.7,2.62,34.857
2006-10-05,0.0,2.44,33.114
2006-10-06,3.5,2.31,31.458
2006-10-07,0.0,2.33,29.885
2006-10-08,0.0,2.57,28.391
2006-10-09,0.0,2.67,26.972
2006-10-10,0.0,2.23,25.623
2006-10-11,3.2,2.53,24.342
2006-10-12,0.0,1.93,23.125
2006-10-13,0.0,2.62,21.969
2006-10-14,0.0,2.8,20.87
2006-10-15,0.0,2.51,19.827
2006-10-16,0.0,3.16,18.835
2006-10-17,0.0,2.37,17.893
2006-10-18,0.0,2.72,16.999
2006-10-19,0.0,2.66,16.149
2006-10-20,0.0,2.66,15.341
2006-10-21,0.0,2.68,14.574
2006-10-22,0.0,2.77,13.846
2006-10-23,0.0,3.02,13.153
2006-10-24,0.0,3.2,12.496
2006-10-25,0.0,2.81,11.871
2006-10-26,0.0,3.08,11.277
2006-10-27,0.0,2.65,10.713
2006-10-28,0.0,3.11,10.178
2006-10-29,0.0,2.68,9.669
2006-10-30,0.0,3.26,9.185
2006-10-31,0.0,3.63,8.726
2006-11-01,0.0,2.95,8.29
2006-11-02,0.0,2.36,7.875
2006-11-03,0.0,2.88,7.482
2006-11-04,0.0,3.45,7.108
2006-11-05,0.0,3.27,6.752
2006-11-06,0.0,3.21,6.415
2006-11-07,10.4,3.47,6.094
2006-11-08,0.0,3.34,5.789
2006-11-09,0.0,3.59,5.5
2006-11-10,0.0,3.53,5.225
2006-11-11,0.0,3.74,4.963
2006-11-12,0.0,3.43,4.715
2006-11-13,0.0,3.62,4.48
2006-11-14,0.0,3.29,4.256
2006-11-15,0.0,3.24,4.043
2006-11-16,0.0,3.96,3.841
2006-11-17,0.0,3.55,3.649
2006-11-18,0.0,3.76,3.466
2006-11-19,0.0,3.59,3.293
2006-11-20,0.0,3.41,3.128
2006-11-21,0.0,3.62,2.972
2006-11-22,0.0,4.09,2.823
2006-11-23,0.0,3.86,2.682
2006-11-24,0.0,3.21,2.548
2006-11-25,0.0,3.7,2.421
2006-11-26,0.0,4.33,2.3
2006-11-27,0.0,3.77,2.185
2006-11-28,0.0,3.33,2.075
2006-11-29,0.0,4.47,1.972
2006-11-30,0.0,4.15,1.873
2006-12-01,0.0,3.96,1.779
2006-12-02,0.0,3.9,1.69
2006-12-03,9.2,4.38,1.606
2006-12-04,2.9,3.93,1.526
2006-12-05,0.0,4.47,1.449
2006-12-06,0.0,4.33,1.377
2006-12-07,0.0,4.27,1.308
2006-12-08,4.1,4.28,1.243
2006-12-09,7.0,4.22,1.18
2006-12-10,0.0,4.63,1.121
2006-12-11,0.0,4.09,1.065
2006-12-12,0.0,3.9,1.012
2006-12-13,0.0,4.61,0.961
2006-12-14,0.0,4.65,0.913
2006-12-15,0.0,4.65,0.868
2006-12-16,0.0,4.66,0.824
2006-12-17,0.0,4.48,0.783
2006-12-18,0.0,4.85,0.744
2006-12-19,0.0,4.64,0.707
2006-12-20,0.0,4.55,0.671
2006-12-21,0.0,4.64,0.638
2006-12-22,0.0,5.37,0.606
2006-12-23,0.0,4.28,0.576
2006-12-24,0.0,4.99,0.547
2006-12-25,0.0,4.38,0.52
2006-12-26,0.0,4.88,0.494
2006-12-27,0.0,4.82,0.469
2006-12-28,0.0,4.36,0.445
2006-12-29,0.0,5.14,0.423
2006-12-30,0.0,4.95,0.402
2006-12-31,0.0,4.47,0.382
2007-01-01,0.0,5.4,0.363
2007-01-02,0.0,5.61,0.345
2007-01-03,0.0,5.66,0.327
2007-01-04,0.0,5.36,0.311
2007-01-05,0.0,5.3,0.296
2007-01-06,0.0,5.72,0.281
2007-01-07,0.0,5.86,0.267
2007-01-08,0.0,5.73,0.253
2007-01-09,0.0,5.15,0.241
2007-01-10,0.0,5.52,0.229
2007-01-11,0.0,5.63,0.217
2007-01-12,0.0,4.99,0.206
2007-01-13,0.0,5.7,0.196
2007-01-14,0.0,6.28,0.186
2007-01-15,0.0,5.82,0.177
2007-01-16,0.0,6.1,0.168
2007-01-17,0.0,5.75,0.16
2007-01-18,0.0,5.7,0.152
2007-01-19,0.0,5.87,0.144
2007-01-20,0.0,5.54,0.137
2007-01-21,0.0,5.53,0.13
2007-01-22,0.0,6.23,0.124
2007-01-23,0.0,6.29,0.117
2007-01-24,0.0,5.61,0.112
2007-01-25,0.0,6.23,0.106
2007-01-26,0.0,5.94,0.101
2007-01-27,0.0,6.09,0.096
2007-01-28,0.0,6.16,0.091
2007-01-29,0.0,6.34,0.086
2007-01-30,0.0,6.1,0.082
2007-01-31,0.0,6.52,0.078
2007-02-01,0.0,6.22,0.074
2007-02-02,0.0,6.34,0.07
2007-02-03,0.0,5.93,0.067
2007-02-04,0.0,6.85,0.063
2007-02-05,0.0,6.36,0.06
2007-02-06,0.0,6.46,0.057
2007-02-07,0.0,5.79,0.054
2007-02-08,0.0,6.04,0.052
2007-02-09,0.0,6.68,0.049
2007-02-10,0.0,6.42,0.047
2007-02-11,0.0,5.78,0.044
2007-02-12,0.0,6.69,0.042
2007-02-13,0.0,6.23,0.04
2007-02-14,0.0,6.84,0.038
2007-02-15,0.0,6.41,0.036
2007-02-16,0.0,6.51,0.034
2007-02-17,0.0,6.82,0.033
2007-02-18,0.0,6.21,0.031
2007-02-19,0.0,6.2,0.029
2007-02-20,0.0,6.46,0.028
2007-02-21,0.0,6.78,0.027
2007-02-22,0.0,6.15,0.025
2007-02-23,0.0,6.06,0.024
2007-02-24,0.0,6.82,0.023
2007-02-25,0.0,6.4,0.022
2007-02-26,0.0,6.48,0.021
2007-02-27,0.0,6.05,0.019
2007-02-28,0.0,6.41,0.019
2007-03-01,0.0,6.62,0.018
2007-03-02,0.0,6.92,0.017
2007-03-03,0.0,6.41,0.016
2007-03-04,0.0,7.15,0.015
2007-03-05,0.0,6.46,0.014
2007-03-06,0.0,6.46,0.014
2007-03-07,0.0,7.13,0.013
2007-03-08,0.0,6.74,0.012
2007-03-09,0.0,6.52,0.012
2007-03-10,0.0,6.64,0.011
2007-03-11,0.0,7.1,0.011
2007-03-12,0.0,7.13,0.01
2007-03-13,0.0,6.45,0.01
2007-03-14,0.0,6.69,0.009
2007-03-15,0.0,6.73,0.009
2007-03-16,0.0,6.4,0.008
2007-03-17,0.0,6.68,0.008
2007-03-18,0.0,6.7,0.007
2007-03-19,0.0,7.04,0.007
2007-03-20,0.0,7.06,0.007
2007-03-21,0.0,6.59,0.006
2007-03-22,0.0,6.62,0.006
2007-03-23,0.0,6.88,0.006
2007-03-24,0.0,6.5,0.005
2007-03-25,0.0,6.85,0.005
2007-03-26,0.0,6.64,0.005
2007-03-27,0.0,6.37,0.005
2007-03-28,0.0,6.37,0.004
2007-03-29,0.0,7.08,0.004
2007-03-30,0.0,6.59,0.004
2007-03-31,0.0,7.12,0.004
2007-04-01,0.0,6.46,0.004
2007-04-02,0.0,6.69,0.003
2007-04-03,0.0,7.31,0.003
2007-04-04,0.0,6.27,0.003
2007-04-05,0.0,6.0,0.003
2007-04-06,0.0,6.94,0.003
2007-04-07,0.0,6.3,0.003
2007-04-08,0.0,6.52,0.003
2007-04-09,0.0,6.34,0.002
2007-04-10,0.0,6.58,0.002
2007-04-11,0.0,6.2,0.002
2007-04-12,0.0,6.41,0.002
2007-04-13,0.0,6.58,0.002
2007-04-14,0.0,6.13,0.002
2007-04-15,0.0,6.2,0.002
2007-04-16,5.1,6.29,0.002
2007-04-17,0.0,5.95,0.002
2007-04-18,0.0,6.23,0.002
2007-04-19,0.0,6.37,0.001
2007-04-20,0.0,6.19,0.001
2007-04-21,0.0,6.21,0.001
2007-04-22,0.0,6.26,0.001
2007-04-23,0.0,6.05,0.001
2007-04-24,2.6,6.43,0.001
2007-04-25,0.0,6.63,0.001
2007-04-26,0.0,6.04,0.001
2007-04-27,0.0,6.3,0.001
2007-04-28,0.0,6.05,0.001
2007-04-29,0.0,6.21,0.001
2007-04-30,0.0,6.54,0.001
2007-05-01,0.0,6.2,0.001
2007-05-02,0.0,5.49,0.001
2007-05-03,0.0,6.13,0.001
2007-05-04,0.0,6.33,0.001
2007-05-05,0.0,5.87,0.001
2007-05-06,0.0,6.2,0.001
2007-05-07,0.0,5.67,0.001
2007-05-08,3.4,5.4,0.001
2007-05-09,0.5,5.86,0.001
2007-05-10,19.4,5.26,0.0
2007-05-11,0.0,5.68,0.0
2007-05-12,0.0,6.11,0.0
2007-05-13,40.5,5.12,0.0
2007-05-14,0.0,5.28,0.0
2007-05-15,0.0,5.32,0.0
2007-05-16,7.4,5.58,0.0
2007-05-17,0.0,5.45,0.0
2007-05-18,0.0,5.95,0.0
2007-05-19,0.0,5.78,0.0
2007-05-20,0.0,5.61,0.0
2007-05-21,0.0,5.47,0.0
2007-05-22,0.0,5.51,0.0
2007-05-23,0.0,5.1,0.0
2007-05-24,0.0,5.58,0.0
2007-05-25,0.0,4.96,0.0
2007-05-26,0.0,5.5,0.0
2007-05-27,0.0,5.57,0.0
2007-05-28,42.0,5.24,0.0
2007-05-29,1.4,5.09,0.0
2007-05-30,0.0,5.23,0.0
2007-05-31,0.0,4.21,0.0
2007-06-01,0.0,5.13,0.0
2007-06-02,0.0,4.97,0.0
2007-06-03,6.4,4.95,0.0
2007-06-04,9.7,5.14,0.0
2007-06-05,0.0,4.87,0.0
2007-06-06,37.8,4.51,0.0
2007-06-07,0.0,4.77,0.0
2007-06-08,0.0,4.8,0.0
2007-06-09,0.0,4.77,0.0
2007-06-10,0.0,4.75,0.0
2007-06-11,0.0,4.97,0.0
2007-06-12,0.0,4.3,0.0
2007-06-13,34.2,4.64,0.0
2007-06-14,0.0,4.94,0.0
2007-06-15,0.0,3.99,0.0
2007-06-16,24.4,4.53,0.0
2007-06-17,0.0,4.26,0.0
2007-06-18,0.0,4.29,0.0
2007-06-19,44.4,4.09,0.0
2007-06-20,0.0,4.27,0.0
2007-06-21,0.0,4.84,0.0
2007-06-22,0.0,3.87,0.0
2007-06-23,21.1,3.86,0.0
2007-06-24,0.0,3.78,0.0
2007-06-25,0.0,4.65,0.0
2007-06-26,0.0,3.96,0.0
2007-06-27,7.0,4.05,0.0
2007-06-28,5.9,3.9,0.0
2007-06-29,0.0,3.7,0.0
2007-06-30,30.5,3.88,8.613
2007-07-01,10.8,4.65,25.625
2007-07-02,8.1,4.29,19.27
2007-07-03,0.0,3.59,5.739
2007-07-04,0.0,4.0,5.452
2007-07-05,0.0,3.52,5.18
2007-07-06,0.0,3.2,4.921
2007-07-07,0.0,4.0,4.675
2007-07-08,0.0,4.01,4.441
2007-07-09,1.0,3.94,4.219
2007-07-10,0.0,3.45,4.008
2007-07-11,1.0,3.51,3.808
2007-07-12,0.0,3.75,3.617
2007-07-13,7.3,3.61,3.436
2007-07-14,0.0,3.34,3.264
2007-07-15,0.0,2.94,3.101
2007-07-16,3.8,3.43,2.946
2007-07-17,0.0,3.68,2.799
2007-07-18,36.4,2.97,2.659
2007-07-19,18.5,3.49,54.975
2007-07-20,21.5,3.36,81.333
2007-07-21,11.8,3.46,50.731
2007-07-22,0.0,3.46,20.684
2007-07-23,0.0,2.96,19.65
2007-07-24,29.9,2.66,102.297
2007-07-25,0.0,2.95,28.097
2007-07-26,0.0,3.35,26.692
2007-07-27,0.0,2.89,25.358
2007-07-28,70.7,2.82,259.413
2007-07-29,0.0,2.45,52.045
2007-07-30,15.2,3.5,86.534
2007-07-31,0.0,3.19,51.567
2007-08-01,0.0,3.15,48.988
2007-08-02,0.0,3.18,46.539
2007-08-03,6.1,3.04,44.212
2007-08-04,56.7,2.77,232.927
2007-08-05,0.0,2.77,63.559
2007-08-06,5.1,2.66,60.381
2007-08-07,24.1,3.56,138.215
2007-08-08,0.0,2.91,64.513
2007-08-09,0.0,2.58,61.287
2007-08-10,17.6,2.84,95.656
2007-08-11,8.3,2.38,83.589
2007-08-12,0.0,3.11,59.882
2007-08-13,22.8,2.44,125.906
2007-08-14,12.9,2.77,103.045
2007-08-15,11.3,2.92,97.94
2007-08-16,30.1,2.69,174.85
2007-08-17,0.0,2.59,75.693
2007-08-18,26.5,2.55,157.32
2007-08-19,7.1,2.51,97.224
2007-08-20,0.0,2.34,77.223
2007-08-21,28.1,2.36,166.899
2007-08-22,26.0,2.92,173.444
2007-08-23,0.0,2.43,88.64
2007-08-24,0.0,2.21,84.208
2007-08-25,7.3,2.28,81.803
2007-08-26,4.6,2.75,83.608
2007-08-27,7.9,2.61,94.449
2007-08-28,0.2,2.57,72.277
2007-08-29,0.0,2.31,68.663
2007-08-30,0.0,2.55,65.23
2007-08-31,0.0,2.18,61.968
2007-09-01,0.0,2.28,58.87
2007-09-02,23.8,2.64,95.27
2007-09-03,0.0,2.61,58.005
2007-09-04,0.0,2.04,55.105
2007-09-05,12.9,2.07,77.297
2007-09-06,0.0,2.36,52.823
2007-09-07,35.9,2.84,172.891
2007-09-08,0.0,1.74,62.878
2007-09-09,0.0,2.39,59.734
2007-09-10,5.7,1.89,56.748
2007-09-11,0.0,2.11,53.91
2007-09-12,33.8,2.19,168.053
2007-09-13,0.0,2.17,63.132
2007-09-14,6.3,2.14,68.006
2007-09-15,17.1,2.3,117.069
2007-09-16,0.0,2.14,62.396
2007-09-17,0.0,1.86,59.276
2007-09-18,18.3,2.54,103.526
2007-09-19,0.0,2.53,59.347
2007-09-20,11.8,2.56,83.291
2007-09-21,0.0,1.85,56.895
2007-09-22,0.0,2.41,54.051
2007-09-23,14.3,2.53,81.612
2007-09-24,0.0,2.02,52.531
2007-09-25,0.0,2.34,49.904
2007-09-26,0.0,2.31,47.409
2007-09-27,0.0,2.9,45.039
2007-09-28,0.0,2.94,42.787
2007-09-29,0.0,1.87,40.647
2007-09-30,0.0,3.12,38.615
2007-10-01,0.0,2.11,36.684
2007-10-02,0.0,2.69,34.85
2007-10-03,0.0,2.7,33.107
2007-10-04,0.0,2.12,31.452
2007-10-05,0.0,2.58,29.879
2007-10-06,0.0,2.41,28.386
2007-10-07,0.0,2.63,26.966
2007-10-08,0.0,2.54,25.618
2007-10-09,0.0,2.85,24.337
2007-10-10,0.0,2.53,23.12
2007-10-11,0.0,2.47,21.964
2007-10-12,0.0,2.87,20.866
2007-10-13,0.0,2.73,19.823
2007-10-14,0.0,2.79,18.832
2007-10-15,0.0,2.39,17.89
2007-10-16,0.0,2.3,16.995
2007-10-17,2.6,2.46,16.146
2007-10-18,0.0,2.47,15.338
2007-10-19,0.0,2.91,14.571
2007-10-20,0.0,2.99,13.843
2007-10-21,0.0,2.67,13.151
2007-10-22,0.0,3.17,12.493
2007-10-23,0.0,3.17,11.869
2007-10-24,0.0,2.86,11.275
2007-10-25,0.0,2.56,10.711
2007-10-26,0.0,3.31,10.176
2007-10-27,0.0,2.84,9.667
2007-10-28,0.0,2.92,9.184
2007-10-29,0.0,2.81,8.724
2007-10-30,0.0,2.67,8.288
2007-10-31,3.4,2.52,7.874
2007-11-01,0.0,3.18,7.48
2007-11-02,0.0,2.78,7.106
2007-11-03,0.0,3.96,6.751
2007-11-04,0.0,2.75,6.413
2007-11-05,0.0,2.73,6.093
2007-11-06,0.0,3.29,5.788
2007-11-07,0.0,3.62,5.499
2007-11-08,0.0,3.21,5.224
2007-11-09,3.3,3.4,4.962
2007-11-10,0.0,2.7,4.714
2007-11-11,0.0,3.08,4.479
2007-11-12,0.0,3.0,4.255
2007-11-13,0.0,2.78,4.042
2007-11-14,0.0,3.42,3.84
2007-11-15,0.0,2.74,3.648
2007-11-16,0.0,3.05,3.465
2007-11-17,0.0,3.32,3.292
2007-11-18,0.0,3.27,3.128
2007-11-19,0.0,3.67,2.971
2007-11-20,0.0,3.68,2.823
2007-11-21,0.0,3.89,2.682
2007-11-22,19.1,3.88,2.547
2007-11-23,0.0,4.03,2.42
2007-11-24,3.5,3.72,2.299
2007-11-25,0.0,3.85,2.184
2007-11-26,0.0,3.95,2.075
2007-11-27,0.0,3.87,1.971
2007-11-28,0.0,3.75,1.873
2007-11-29,0.0,3.8,1.779
2007-11-30,0.0,3.7,1.69
2007-12-01,0.0,4.1,1.606
2007-12-02,0.0,3.99,1.525
2007-12-03,0.0,3.85,1.449
2007-12-04,0.0,3.89,1.377
2007-12-05,0.0,3.76,1.308
2007-12-06,0.0,4.46,1.242
2007-12-07,0.0,4.22,1.18
2007-12-08,0.0,3.98,1.121
2007-12-09,0.0,4.52,1.065
2007-12-10,15.9,4.15,1.012
2007-12-11,0.0,3.93,0.961
2007-12-12,0.0,4.7,0.913
2007-12-13,0.0,4.27,0.868
2007-12-14,0.0,4.34,0.824
2007-12-15,0.0,4.51,0.783
2007-12-16,0.0,4.88,0.744
2007-12-17,1.7,4.58,0.707
2007-12-18,0.0,4.26,0.671
2007-12-19,0.0,4.82,0.638
2007-12-20,0.0,4.55,0.606
2007-12-21,0.0,5.3,0.576
2007-12-22,0.0,4.77,0.547
2007-12-23,0.0,4.13,0.519
2007-12-24,0.0,4.95,0.493
2007-12-25,0.0,5.46,0.469
2007-12-26,0.0,5.39,0.445
2007-12-27,0.0,5.5,0.423
2007-12-28,0.0,4.68,0.402
2007-12-29,0.0,5.3,0.382
2007-12-30,0.0,4.85,0.363
2007-12-31,0.0,5.17,0.345
2008-01-01,0.0,4.76,0.327
2008-01-02,0.0,4.99,0.311
2008-01-03,0.0,5.01,0.295
2008-01-04,0.0,5.52,0.281
2008-01-05,0.0,5.53,0.267
2008-01-06,0.0,5.41,0.253
2008-01-07,0.0,4.95,0.241
2008-01-08,0.0,5.3,0.229
2008-01-09,0.0,5.2,0.217
2008-01-10,0.0,5.72,0.206
2008-01-11,0.0,5.85,0.196
2008-01-12,0.0,5.85,0.186
2008-01-13,0.0,5.34,0.177
2008-01-14,0.0,4.77,0.168
2008-01-15,0.0,5.1,0.16
2008-01-16,0.0,6.09,0.152
2008-01-17,0.7,5.57,0.144
2008-01-18,0.0,5.5,0.137
2008-01-19,0.0,6.25,0.13
2008-01-20,0.0,6.17,0.124
2008-01-21,0.0,5.82,0.117
2008-01-22,0.0,5.76,0.111
2008-01-23,0.0,5.84,0.106
2008-01-24,0.0,5.97,0.101
2008-01-25,0.0,6.42,0.096
2008-01-26,0.0,6.09,0.091
2008-01-27,0.0,6.21,0.086
2008-01-28,0.0,6.37,0.082
2008-01-29,0.0,5.7,0.078
2008-01-30,0.0,6.3,0.074
2008-01-31,0.0,6.01,0.07
2008-02-01,0.0,5.37,0.067
2008-02-02,0.0,5.51,0.063
2008-02-03,0.0,5.87,0.06
2008-02-04,0.0,6.36,0.057
2008-02-05,0.0,6.26,0.054
2008-02-06,0.0,6.3,0.052
2008-02-07,0.0,6.85,0.049
2008-02-08,0.0,5.91,0.047
2008-02-09,0.0,6.3,0.044
2008-02-10,0.0,6.43,0.042
2008-02-11,0.0,6.13,0.04
2008-02-12,0.0,6.38,0.038
2008-02-13,0.0,5.91,0.036
2008-02-14,0.0,6.84,0.034
2008-02-15,0.0,6.23,0.033
2008-02-16,0.0,7.06,0.031
2008-02-17,0.0,6.46,0.029
2008-02-18,0.0,6.79,0.028
2008-02-19,0.0,6.48,0.027
2008-02-20,0.0,6.51,0.025
2008-02-21,0.0,6.35,0.024
2008-02-22,0.0,6.58,0.023
2008-02-23,0.0,6.65,0.022
2008-02-24,0.0,6.34,0.021
2008-02-25,0.0,6.55,0.019
2008-02-26,0.0,6.41,0.019
2008-02-27,0.0,7.3,0.018
2008-02-28,0.0,6.59,0.017
2008-02-29,0.0,7.09,0.016
2008-03-01,0.0,6.58,0.015
2008-03-02,0.0,6.72,0.014
2008-03-03,0.0,6.26,0.014
2008-03-04,0.0,6.53,0.013
2008-03-05,12.5,6.73,0.012
2008-03-06,0.0,7.15,0.012
2008-03-07,0.0,6.75,0.011
2008-03-08,0.0,7.1,0.011
2008-03-09,0.0,6.88,0.01
2008-03-10,0.0,7.18,0.01
2008-03-11,0.0,6.68,0.009
2008-03-12,0.0,7.41,0.009
2008-03-13,0.0,6.55,0.008
2008-03-14,0.0,6.47,0.008
2008-03-15,11.5,6.34,0.007
2008-03-16,0.0,7.4,0.007
2008-03-17,0.0,6.94,0.007
2008-03-18,0.0,6.6,0.006
2008-03-19,0.0,7.07,0.006
2008-03-20,0.0,6.9,0.006
2008-03-21,0.0,7.28,0.005
2008-03-22,3.8,6.22,0.005
2008-03-23,0.0,6.6,0.005
2008-03-24,0.0,6.53,0.005
2008-03-25,0.0,6.08,0.004
2008-03-26,0.0,6.98,0.004
2008-03-27,0.0,6.57,0.004
2008-03-28,0.0,6.87,0.004
2008-03-29,1.0,7.34,0.004
2008-03-30,0.0,6.52,0.003
2008-03-31,0.0,6.49,0.003
2008-04-01,0.0,6.64,0.003
2008-04-02,0.0,6.89,0.003
2008-04-03,0.0,6.41,0.003
2008-04-04,0.0,6.38,0.003
2008-04-05,0.0,6.88,0.003
2008-04-06,0.0,6.66,0.002
2008-04-07,0.0,5.92,0.002
2008-04-08,17.5,6.15,0.002
2008-04-09,0.0,6.95,0.002
2008-04-10,0.0,6.6,0.002
2008-04-11,0.0,6.24,0.002
2008-04-12,0.0,6.4,0.002
2008-04-13,0.0,6.44,0.002
2008-04-14,0.0,6.63,0.002
2008-04-15,0.0,5.99,0.001
2008-04-16,0.0,6.12,0.001
2008-04-17,0.0,6.44,0.001
2008-04-18,0.0,6.3,0.001
2008-04-19,0.0,6.48,0.001
2008-04-20,0.0,5.92,0.001
2008-04-21,0.0,6.38,0.001
2008-04-22,0.0,6.57,0.001
2008-04-23,0.0,6.37,0.001
2008-04-24,0.0,6.24,0.001
2008-04-25,0.0,6.15,0.001
2008-04-26,0.0,5.9,0.001
2008-04-27,0.0,6.1,0.001
2008-04-28,0.0,6.48,0.001
2008-04-29,0.0,6.04,0.001
2008-04-30,0.0,5.78,0.001
2008-05-01,19.1,5.87,0.001
2008-05-02,0.0,6.05,0.001
2008-05-03,0.0,5.85,0.001
2008-05-04,0.0,6.08,0.001
2008-05-05,0.0,6.06,0.001
2008-05-06,0.0,6.14,0.001
2008-05-07,0.0,6.27,0.0
2008-05-08,0.0,6.12,0.0
2008-05-09,0.0,5.51,0.0
2008-05-10,0.0,5.48,0.0
2008-05-11,0.0,5.7,0.0
2008-05-12,0.0,5.56,0.0
2008-05-13,0.0,5.32,0.0
2008-05-14,0.0,5.5,0.0
2008-05-15,0.0,5.45,0.0
2008-05-16,0.0,5.36,0.0
2008-05-17,10.4,5.43,0.0
2008-05-18,0.0,5.85,0.0
2008-05-19,0.0,5.52,0.0
2008-05-20,0.0,6.17,0.0
2008-05-21,0.0,5.44,0.0
2008-05-22,0.0,5.27,0.0
2008-05-23,0.0,5.33,0.0
2008-05-24,0.0,5.37,0.0
2008-05-25,0.0,5.38,0.0
2008-05-26,0.0,5.84,0.0
2008-05-27,0.0,4.93,0.0
2008-05-28,9.2,5.4,0.0
2008-05-29,0.0,5.17,0.0
2008-05-30,0.0,4.6,0.0
2008-05-31,4.1,5.27,0.0
2008-06-01,0.0,5.38,0.0
2008-06-02,16.5,4.71,0.0
2008-06-03,0.0,4.92,0.0
2008-06-04,8.6,4.37,0.0
2008-06-05,19.7,4.47,0.0
2008-06-06,0.0,5.13,0.0
2008-06-07,0.0,4.64,0.0
2008-06-08,0.0,4.41,0.0
2008-06-09,0.0,4.77,0.0
2008-06-10,5.9,4.51,0.0
2008-06-11,0.0,4.48,0.0
2008-06-12,0.0,4.81,0.0
2008-06-13,7.7,4.2,0.0
2008-06-14,0.0,4.24,0.0
2008-06-15,0.0,4.52,0.0
2008-06-16,0.0,4.73,0.0
2008-06-17,0.0,4.77,0.0
2008-06-18,0.0,4.16,0.0
2008-06-19,8.6,4.6,0.0
2008-06-20,0.0,4.05,0.0
2008-06-21,22.8,4.8,0.0
2008-06-22,19.2,3.87,0.0
2008-06-23,13.2,4.57,0.0
2008-06-24,0.0,3.94,0.0
2008-06-25,0.0,4.7,0.0
2008-06-26,0.0,4.24,0.0
2008-06-27,0.0,3.72,0.0
2008-06-28,0.0,3.83,0.0
2008-06-29,0.0,4.18,0.0
2008-06-30,19.5,4.23,0.0
2008-07-01,0.0,3.86,0.0
2008-07-02,8.0,3.85,0.0
2008-07-03,9.3,4.03,0.0
2008-07-04,32.9,3.81,0.0
2008-07-05,69.4,3.35,68.484
2008-07-06,0.0,3.45,8.486
2008-07-07,0.0,3.73,8.062
2008-07-08,21.7,3.99,50.455
2008-07-09,0.0,4.08,12.579
2008-07-10,20.5,3.79,62.663
2008-07-11,17.9,3.61,74.697
2008-07-12,18.4,3.72,82.443
2008-07-13,0.9,3.26,29.897
2008-07-14,9.6,3.38,43.96
2008-07-15,8.7,3.14,51.112
2008-07-16,8.6,2.98,52.657
2008-07-17,27.2,3.43,126.401
2008-07-18,0.0,3.35,41.673
2008-07-19,0.9,3.47,39.589
2008-07-20,8.5,3.4,37.61
2008-07-21,0.0,3.27,35.729
2008-07-22,16.5,3.34,71.011
2008-07-23,0.0,3.13,36.839
2008-07-24,10.5,3.24,51.672
2008-07-25,0.0,2.87,35.313
2008-07-26,0.0,3.17,33.548
2008-07-27,0.0,3.23,31.87
2008-07-28,0.0,2.8,30.277
2008-07-29,35.3,2.99,111.205
2008-07-30,54.6,2.76,244.54
2008-07-31,14.4,2.76,107.793
2008-08-01,0.0,2.55,64.007
2008-08-02,4.3,3.25,60.807
2008-08-03,3.1,3.16,57.766
2008-08-04,0.0,2.98,54.878
2008-08-05,8.3,3.38,54.241
2008-08-06,19.1,2.71,115.235
2008-08-07,0.0,3.65,55.409
2008-08-08,1.5,2.65,52.638
2008-08-09,0.0,2.78,50.006
2008-08-10,0.0,2.56,47.506
2008-08-11,0.0,2.77,45.131
2008-08-12,9.7,2.89,42.874
2008-08-13,28.0,2.58,120.063
2008-08-14,0.0,3.13,48.524
2008-08-15,0.0,2.65,46.098
2008-08-16,0.0,2.64,43.793
2008-08-17,10.6,2.27,42.012
2008-08-18,12.9,2.65,80.503
2008-08-19,2.1,2.47,42.667
2008-08-20,46.1,2.31,213.928
2008-08-21,8.7,2.25,85.748
2008-08-22,0.0,3.27,60.184
2008-08-23,12.9,2.37,86.305
2008-08-24,0.0,2.0,57.926
2008-08-25,0.0,2.21,55.03
2008-08-26,34.8,2.4,165.105
2008-08-27,0.0,2.56,63.645
2008-08-28,0.0,2.56,60.463
2008-08-29,44.1,2.58,203.144
2008-08-30,0.0,2.18,72.622
2008-08-31,0.0,2.46,68.991
2008-09-01,0.0,2.09,65.542
2008-09-02,0.0,2.16,62.265
2008-09-03,0.0,2.06,59.151
2008-09-04,1.3,1.97,56.194
2008-09-05,0.0,2.64,53.384
2008-09-06,0.0,2.53,50.715
2008-09-07,0.0,2.61,48.179
2008-09-08,0.0,2.32,45.77
2008-09-09,0.0,2.54,43.482
2008-09-10,0.0,1.78,41.308
2008-09-11,13.0,2.56,39.242
2008-09-12,0.0,2.35,37.28
2008-09-13,2.1,2.49,35.416
2008-09-14,0.0,2.41,33.645
2008-09-15,0.0,2.0,31.963
2008-09-16,0.0,1.85,30.365
2008-09-17,0.0,2.09,28.847
2008-09-18,0.0,2.48,27.404
2008-09-19,0.0,2.52,26.034
2008-09-20,5.2,1.9,24.732
2008-09-21,17.6,2.02,23.496
2008-09-22,0.0,2.11,22.321
2008-09-23,0.0,2.22,21.205
2008-09-24,0.0,1.93,20.145
2008-09-25,11.2,1.92,19.137
2008-09-26,0.0,2.1,18.181
2008-09-27,0.0,2.38,17.272
2008-09-28,0.0,2.01,16.408
2008-09-29,0.0,2.34,15.588
2008-09-30,0.0,2.7,14.808
2008-10-01,0.0,2.01,14.068
2008-10-02,0.0,2.35,13.364
2008-10-03,12.3,2.73,12.696
2008-10-04,0.0,2.31,12.061
2008-10-05,0.0,2.27,11.458
2008-10-06,0.0,2.81,10.885
2008-10-07,0.0,2.38,10.341
2008-10-08,0.0,2.82,9.824
2008-10-09,0.0,2.63,9.333
2008-10-10,0.0,2.42,8.866
2008-10-11,0.0,2.68,8.423
2008-10-12,0.0,2.65,8.002
2008-10-13,0.0,2.88,7.602
2008-10-14,0.0,2.43,7.222
2008-10-15,0.0,2.63,6.861
2008-10-16,0.0,2.61,6.517
2008-10-17,12.6,2.86,6.192
2008-10-18,0.0,2.37,5.882
2008-10-19,0.0,3.0,5.588
2008-10-20,0.0,2.86,5.309
2008-10-21,0.0,2.34,5.043
2008-10-22,0.0,3.12,4.791
2008-10-23,0.0,3.46,4.551
2008-10-24,0.0,3.11,4.324
2008-10-25,0.0,3.26,4.108
2008-10-26,0.0,2.88,3.902
2008-10-27,0.0,2.39,3.707
2008-10-28,0.0,2.36,3.522
2008-10-29,0.0,3.01,3.346
2008-10-30,0.0,2.79,3.178
2008-10-31,0.0,2.72,3.019
2008-11-01,0.0,3.0,2.869
2008-11-02,0.0,3.23,2.725
2008-11-03,0.0,2.64,2.589
2008-11-04,0.0,2.97,2.459
2008-11-05,0.0,3.59,2.336
2008-11-06,0.0,2.84,2.22
2008-11-07,0.0,3.46,2.109
2008-11-08,0.0,3.08,2.003
2008-11-09,1.6,3.42,1.903
2008-11-10,0.0,3.62,1.808
2008-11-11,0.0,3.54,1.717
2008-11-12,0.0,3.62,1.632
2008-11-13,0.0,3.04,1.55
2008-11-14,0.0,3.75,1.473
2008-11-15,0.0,3.19,1.399
2008-11-16,0.0,3.56,1.329
2008-11-17,0.0,3.59,1.263
2008-11-18,0.0,3.7,1.199
2008-11-19,0.0,3.69,1.139
2008-11-20,0.0,3.37,1.082
2008-11-21,0.0,3.25,1.028
2008-11-22,12.8,3.95,0.977
2008-11-23,0.0,3.78,0.928
2008-11-24,0.0,4.1,0.882
2008-11-25,0.0,3.78,0.838
2008-11-26,0.0,3.41,0.796
2008-11-27,0.0,4.16,0.756
2008-11-28,0.0,3.79,0.718
2008-11-29,0.0,4.04,0.682
2008-11-30,0.0,3.78,0.648
2008-12-01,0.0,4.51,0.616
2008-12-02,0.0,3.79,0.585
2008-12-03,0.0,3.99,0.556
2008-12-04,0.0,4.16,0.528
2008-12-05,0.0,3.84,0.501
2008-12-06,0.0,4.3,0.476
2008-12-07,0.0,4.72,0.453
2008-12-08,0.0,4.13,0.43
2008-12-09,0.0,4.43,0.408
2008-12-10,0.0,3.53,0.388
2008-12-11,0.0,4.38,0.369
2008-12-12,8.9,4.33,0.35
2008-12-13,0.0,4.22,0.333
2008-12-14,0.0,4.83,0.316
2008-12-15,0.0,4.44,0.3
2008-12-16,18.0,4.52,0.285
2008-12-17,0.0,4.5,0.271
2008-12-18,0.0,4.08,0.257
2008-12-19,0.0,4.35,0.245
2008-12-20,0.0,5.02,0.232
2008-12-21,1.2,4.13,0.221
2008-12-22,6.2,4.57,0.21
2008-12-23,0.0,4.72,0.199
2008-12-24,0.0,5.4,0.189
2008-12-25,0.0,5.15,0.18
2008-12-26,0.0,4.79,0.171
2008-12-27,0.0,5.38,0.162
2008-12-28,0.0,4.8,0.154
2008-12-29,0.0,5.37,0.146
2008-12-30,0.0,4.69,0.139
2008-12-31,0.0,5.46,0.132
2009-01-01,0.0,5.02,0.126
2009-01-02,0.0,4.87,0.119
2009-01-03,10.0,5.15,0.113
2009-01-04,0.0,5.34,0.108
2009-01-05,0.0,5.14,0.102
2009-01-06,0.0,5.49,0.097
2009-01-07,0.0,5.18,0.092
2009-01-08,0.0,5.58,0.088
2009-01-09,0.0,5.56,0.083
2009-01-10,0.0,5.44,0.079
2009-01-11,0.0,5.36,0.075
2009-01-12,0.0,5.58,0.071
2009-01-13,0.0,5.73,0.068
2009-01-14,0.0,6.21,0.064
2009-01-15,0.0,5.91,0.061
2009-01-16,0.0,5.95,0.058
2009-01-17,0.0,6.62,0.055
2009-01-18,0.0,5.88,0.052
2009-01-19,0.0,5.9,0.05
2009-01-20,0.0,6.0,0.047
2009-01-21,0.0,5.51,0.045
2009-01-22,0.0,5.71,0.043
2009-01-23,0.0,5.73,0.041
2009-01-24,0.0,6.1,0.039
2009-01-25,0.0,5.88,0.037
2009-01-26,0.0,6.01,0.035
2009-01-27,0.0,6.32,0.033
2009-01-28,0.0,6.28,0.031
2009-01-29,0.0,6.0,0.03
2009-01-30,0.0,5.87,0.028
2009-01-31,0.0,6.44,0.027
2009-02-01,0.0,6.36,0.026
2009-02-02,0.0,5.67,0.024
2009-02-03,18.2,6.08,0.023
2009-02-04,0.0,6.25,0.022
2009-02-05,0.0,6.46,0.021
2009-02-06,0.0,6.52,0.02
2009-02-07,0.0,6.35,0.019
2009-02-08,0.0,6.47,0.018
2009-02-09,0.0,6.33,0.017
2009-02-10,0.0,6.13,0.016
2009-02-11,0.0,6.28,0.015
2009-02-12,0.0,6.38,0.015
2009-02-13,0.0,6.38,0.014
2009-02-14,0.0,5.85,0.013
2009-02-15,0.0,6.31,0.012
2009-02-16,0.0,6.47,0.012
2009-02-17,0.0,6.38,0.011
2009-02-18,0.0,6.41,0.011
2009-02-19,0.0,6.65,0.01
2009-02-20,0.0,6.19,0.01
2009-02-21,0.0,6.04,0.009
2009-02-22,0.0,6.44,0.009
2009-02-23,0.0,6.79,0.008
2009-02-24,0.0,7.08,0.008
2009-02-25,0.0,6.82,0.007
2009-02-26,0.0,6.15,0.007
2009-02-27,0.0,6.54,0.007
2009-02-28,0.0,6.69,0.006
2009-03-01,0.0,6.68,0.006
2009-03-02,0.0,6.8,0.006
2009-03-03,0.0,6.37,0.005
2009-03-04,0.0,6.67,0.005
2009-03-05,0.0,6.79,0.005
2009-03-06,0.0,6.92,0.005
2009-03-07,0.0,6.43,0.004
2009-03-08,0.0,6.58,0.004
2009-03-09,0.0,5.87,0.004
2009-03-10,0.0,6.5,0.004
2009-03-11,0.0,6.53,0.004
2009-03-12,0.0,6.39,0.003
2009-03-13,4.4,6.75,0.003
2009-03-14,0.0,6.68,0.003
2009-03-15,0.0,6.02,0.003
2009-03-16,0.0,6.76,0.003
2009-03-17,0.0,6.42,0.003
2009-03-18,0.0,6.84,0.003
2009-03-19,4.9,6.31,0.002
2009-03-20,0.0,6.7,0.002
2009-03-21,0.0,6.61,0.002
2009-03-22,0.0,6.78,0.002
2009-03-23,0.0,6.72,0.002
2009-03-24,0.0,6.6,0.002
2009-03-25,0.0,6.21,0.002
2009-03-26,0.0,6.22,0.002
2009-03-27,0.0,6.49,0.002
2009-03-28,0.0,6.65,0.002
2009-03-29,0.0,6.46,0.001
2009-03-30,0.0,6.82,0.001
2009-03-31,0.0,6.54,0.001
2009-04-01,0.0,6.33,0.001
2009-04-02,0.0,6.52,0.001
2009-04-03,0.0,6.66,0.001
2009-04-04,3.4,6.68,0.001
2009-04-05,0.0,7.13,0.001
2009-04-06,0.0,6.36,0.001
2009-04-07,0.0,6.52,0.001
2009-04-08,0.0,6.66,0.001
2009-04-09,0.0,6.51,0.001
2009-04-10,0.0,6.35,0.001
2009-04-11,0.0,6.02,0.001
2009-04-12,0.0,6.31,0.001
2009-04-13,0.0,6.13,0.001
2009-04-14,0.0,5.91,0.001
2009-04-15,0.0,6.17,0.001
2009-04-16,0.0,6.08,0.001
2009-04-17,0.0,6.55,0.001
2009-04-18,0.0,6.54,0.001
2009-04-19,0.0,6.06,0.0
2009-04-20,0.0,6.24,0.0
2009-04-21,0.0,5.73,0.0
2009-04-22,0.0,6.12,0.0
2009-04-23,0.0,6.37,0.0
2009-04-24,0.0,6.47,0.0
2009-04-25,0.0,5.99,0.0
2009-04-26,0.0,6.49,0.0
2009-04-27,0.0,5.7,0.0
2009-04-28,0.0,5.75,0.0
2009-04-29,0.0,6.31,0.0
2009-04-30,0.0,6.57,0.0
2009-05-01,0.0,6.19,0.0
2009-05-02,0.0,6.01,0.0
2009-05-03,0.0,5.33,0.0
2009-05-04,0.0,5.36,0.0
2009-05-05,0.0,5.97,0.0
2009-05-06,0.0,5.8,0.0
2009-05-07,0.0,5.55,0.0
2009-05-08,0.0,5.87,0.0
2009-05-09,0.0,5.85,0.0
2009-05-10,0.0,6.07,0.0
2009-05-11,0.0,5.8,0.0
2009-05-12,0.0,6.09,0.0
2009-05-13,0.0,5.7,0.0
2009-05-14,0.0,5.63,0.0
2009-05-15,0.0,5.95,0.0
2009-05-16,0.0,5.3,0.0
2009-05-17,0.0,6.41,0.0
2009-05-18,0.0,5.64,0.0
2009-05-19,0.0,5.61,0.0
2009-05-20,17.8,5.62,0.0
2009-05-21,0.0,5.99,0.0
2009-05-22,8.4,5.63,0.0
2009-05-23,0.0,4.88,0.0
2009-05-24,0.0,5.74,0.0
2009-05-25,0.0,5.19,0.0
2009-05-26,0.0,5.29,0.0
2009-05-27,0.0,4.83,0.0
2009-05-28,62.9,5.34,0.0
2009-05-29,31.8,4.95,0.0
2009-05-30,0.0,5.14,0.0
2009-05-31,0.0,4.99,0.0
2009-06-01,0.0,5.61,0.0
2009-06-02,19.0,5.59,0.0
2009-06-03,0.0,4.98,0.0
2009-06-04,0.0,4.94,0.0
2009-06-05,0.0,4.78,0.0
2009-06-06,8.5,5.18,0.0
2009-06-07,0.0,4.71,0.0
2009-06-08,18.5,4.65,0.0
2009-06-09,1.0,5.03,0.0
2009-06-10,40.7,4.54,0.0
2009-06-11,0.0,4.65,0.0
2009-06-12,0.0,4.15,0.0
2009-06-13,8.0,4.8,0.0
2009-06-14,0.0,5.13,0.0
2009-06-15,0.0,4.73,0.0
2009-06-16,0.0,4.91,0.0
2009-06-17,0.0,4.18,0.0
2009-06-18,2.0,4.47,0.0
2009-06-19,0.0,4.08,0.0
2009-06-20,0.0,4.25,0.0
2009-06-21,0.0,4.52,0.0
2009-06-22,18.3,4.28,0.0
2009-06-23,5.8,3.79,0.0
2009-06-24,25.5,3.78,0.0
2009-06-25,0.0,3.72,0.0
2009-06-26,0.0,4.25,0.0
2009-06-27,12.1,4.68,0.0
2009-06-28,0.0,4.43,0.0
2009-06-29,3.0,3.42,0.0
2009-06-30,39.8,4.38,5.534
2009-07-01,0.0,4.19,0.686
2009-07-02,0.0,3.41,0.651
2009-07-03,0.0,3.75,0.619
2009-07-04,0.0,4.13,0.588
2009-07-05,0.0,3.93,0.559
2009-07-06,0.0,3.34,0.531
2009-07-07,3.3,3.88,0.504
2009-07-08,0.0,3.02,0.479
2009-07-09,0.0,3.56,0.455
2009-07-10,45.3,3.93,56.337
2009-07-11,101.2,3.56,397.22
2009-07-12,28.9,3.38,157.185
2009-07-13,9.3,3.76,87.267
2009-07-14,0.0,3.75,64.629
2009-07-15,7.3,3.82,61.398
2009-07-16,0.0,3.65,58.328
2009-07-17,7.4,3.68,55.412
2009-07-18,29.2,3.55,154.799
2009-07-19,27.1,3.37,157.423
2009-07-20,8.2,3.29,90.882
2009-07-21,0.0,3.16,70.141
2009-07-22,50.7,2.84,245.287
2009-07-23,9.5,2.88,111.874
2009-07-24,23.1,3.06,164.464
2009-07-25,53.3,3.18,290.269
2009-07-26,0.0,3.52,110.429
2009-07-27,0.0,3.04,104.908
2009-07-28,14.8,3.33,119.856
2009-07-29,0.0,3.32,97.181
2009-07-30,41.3,2.9,232.573
2009-07-31,0.0,3.12,105.085
2009-08-01,0.0,2.84,99.831
2009-08-02,8.8,3.29,94.839
2009-08-03,0.0,3.06,90.097
2009-08-04,0.0,2.48,85.592
2009-08-05,4.3,2.86,81.313
2009-08-06,0.0,3.29,77.247
2009-08-07,0.0,2.71,73.385
2009-08-08,1.0,2.88,69.716
2009-08-09,0.0,2.89,66.23
2009-08-10,0.0,2.39,62.918
2009-08-11,0.0,2.83,59.772
2009-08-12,0.0,2.24,56.784
2009-08-13,0.0,2.45,53.945
2009-08-14,0.0,2.94,51.247
2009-08-15,0.0,2.71,48.685
2009-08-16,4.4,2.49,46.251
2009-08-17,17.6,2.7,43.938
2009-08-18,0.0,2.53,41.741
2009-08-19,0.0,2.53,39.654
2009-08-20,21.9,2.71,51.021
2009-08-21,0.0,2.28,37.442
2009-08-22,0.0,2.49,35.57
2009-08-23,0.0,2.37,33.792
2009-08-24,40.2,1.97,156.806
2009-08-25,0.0,2.16,45.949
2009-08-26,37.8,2.89,174.538
2009-08-27,8.0,2.53,79.53
2009-08-28,0.0,2.0,57.51
2009-08-29,0.0,1.93,54.634
2009-08-30,14.0,2.35,82.966
2009-08-31,0.0,2.84,53.157
2009-09-01,0.0,2.3,50.499
2009-09-02,18.7,2.74,91.551
2009-09-03,12.5,2.45,91.105
2009-09-04,0.0,2.48,53.399
2009-09-05,0.0,1.93,50.729
2009-09-06,15.4,2.61,81.949
2009-09-07,0.0,2.22,49.966
2009-09-08,0.0,2.57,47.467
2009-09-09,0.0,2.07,45.094
2009-09-10,0.0,2.36,42.839
2009-09-11,56.0,2.41,218.84
2009-09-12,11.8,2.26,98.83
2009-09-13,6.5,2.42,78.712
2009-09-14,0.0,2.22,61.318
2009-09-15,0.0,2.11,58.252
2009-09-16,0.0,2.78,55.339
2009-09-17,14.3,2.62,71.458
2009-09-18,0.0,2.08,52.284
2009-09-19,22.7,2.48,122.197
2009-09-20,0.0,2.09,56.173
2009-09-21,45.6,1.96,219.351
2009-09-22,0.0,2.63,71.264
2009-09-23,37.0,1.81,197.801
2009-09-24,0.0,2.61,80.437
2009-09-25,0.0,2.26,76.415
2009-09-26,0.0,2.28,72.595
2009-09-27,28.9,2.47,146.575
2009-09-28,0.0,2.53,75.134
2009-09-29,0.0,2.12,71.377
2009-09-30,0.0,2.59,67.808
2009-10-01,0.0,2.42,64.418
2009-10-02,0.0,2.02,61.197
2009-10-03,0.0,2.36,58.137
2009-10-04,0.0,2.84,55.23
2009-10-05,0.0,2.94,52.469
2009-10-06,56.3,2.66,188.854
2009-10-07,0.0,2.1,64.578
2009-10-08,1.0,2.62,61.349
2009-10-09,0.0,2.75,58.282
2009-10-10,0.0,2.72,55.367
2009-10-11,0.0,2.76,52.599
2009-10-12,0.0,2.65,49.969
2009-10-13,0.0,2.54,47.471
2009-10-14,0.0,2.39,45.097
2009-10-15,0.0,2.02,42.842
2009-10-16,0.0,2.71,40.7
2009-10-17,0.0,2.69,38.665
2009-10-18,0.0,2.82,36.732
2009-10-19,0.0,2.27,34.895
2009-10-20,11.7,2.89,33.151
2009-10-21,12.8,3.33,31.493
2009-10-22,0.0,2.76,29.918
2009-10-23,0.0,2.74,28.422
2009-10-24,0.0,2.88,27.001
2009-10-25,0.0,3.42,25.651
2009-10-26,0.0,2.53,24.369
2009-10-27,0.0,2.92,23.15
2009-10-28,0.0,2.64,21.993
2009-10-29,0.0,2.75,20.893
2009-10-30,0.0,2.92,19.848
2009-10-31,0.0,3.37,18.856
2009-11-01,0.0,3.53,17.913
2009-11-02,0.0,3.15,17.018
2009-11-03,0.0,2.93,16.167
2009-11-04,0.0,3.82,15.358
2009-11-05,0.0,2.98,14.59
2009-11-06,0.0,2.96,13.861
2009-11-07,0.0,2.63,13.168
2009-11-08,0.0,3.61,12.509
2009-11-09,0.0,3.52,11.884
2009-11-10,0.0,3.98,11.29
2009-11-11,0.0,2.87,10.725
2009-11-12,0.0,3.76,10.189
2009-11-13,0.0,3.37,9.68
2009-11-14,0.0,3.63,9.196
2009-11-15,0.0,2.92,8.736
2009-11-16,0.0,3.89,8.299
2009-11-17,0.0,3.72,7.884
2009-11-18,0.0,3.5,7.49
2009-11-19,3.8,3.74,7.115
2009-11-20,0.0,3.36,6.76
2009-11-21,0.0,3.45,6.422
2009-11-22,0.0,3.52,6.101
2009-11-23,0.0,3.13,5.796
2009-11-24,0.0,3.98,5.506
2009-11-25,0.0,4.12,5.23
2009-11-26,0.0,3.59,4.969
2009-11-27,0.0,3.94,4.72
2009-11-28,0.0,3.79,4.484
2009-11-29,0.0,4.0,4.26
2009-11-30,0.0,3.75,4.047
2009-12-01,0.0,3.71,3.845
2009-12-02,0.0,4.33,3.653
2009-12-03,0.0,4.03,3.47
2009-12-04,0.0,4.7,3.297
2009-12-05,0.0,4.14,3.132
2009-12-06,0.0,3.89,2.975
2009-12-07,0.0,4.57,2.826
2009-12-08,0.0,4.43,2.685
2009-12-09,0.0,4.49,2.551
2009-12-10,0.0,4.67,2.423
2009-12-11,0.0,4.16,2.302
2009-12-12,0.0,4.35,2.187
2009-12-13,0.0,4.38,2.078
2009-12-14,0.0,4.08,1.974
2009-12-15,0.0,4.42,1.875
2009-12-16,0.0,4.94,1.781
2009-12-17,0.0,4.65,1.692
2009-12-18,0.0,4.21,1.608
2009-12-19,0.0,4.19,1.527
2009-12-20,0.0,5.19,1.451
2009-12-21,0.0,4.7,1.378
2009-12-22,0.0,4.57,1.309
2009-12-23,0.0,4.72,1.244
2009-12-24,0.0,4.4,1.182
2009-12-25,0.0,5.31,1.123
2009-12-26,0.0,4.8,1.067
2009-12-27,19.5,5.36,1.013
2009-12-28,0.0,5.01,0.963
2009-12-29,0.0,5.46,0.914
2009-12-30,6.7,5.14,0.869
2009-12-31,0.0,5.36,0.825
